region_id,group,score,top_features_up,top_features_down
Q6RI45_1679_1724,4,0.9966666666666667,esm_std=+0.051; esm_min=+0.048; esm_fraction_disruptive=+0.047,delta_n_neg=-0.004; rg_event_fraction_no_change=-0.001; codon_A_GCT=-0.001
O15014_364_377,4,0.9,esm_std=+0.062; esm_fraction_disruptive=+0.061; esm_min=+0.055,region_length=-0.013; wt_aromaticity=-0.009; wt_kappa=-0.009
Q14781_67_83,4,0.8866666666666667,esm_min=+0.062; esm_fraction_disruptive=+0.055; esm_std=+0.055,delta_ncpr=-0.017; gc3=-0.012; wt_aromaticity=-0.008
Q6KC79_822_840,4,0.8766666666666667,esm_std=+0.057; esm_min=+0.042; gc=+0.036,esm_median=-0.033; codon_G_GGG=-0.012; wt_aromaticity=-0.008
Q96PV6_458_485,4,0.8766666666666667,esm_std=+0.060; esm_min=+0.056; esm_fraction_disruptive=+0.056,codon_A_GCG=-0.026; codon_L_CTG=-0.013; gc3=-0.008
P02686_177_194,4,0.87,esm_std=+0.069; esm_min=+0.060; esm_fraction_disruptive=+0.051,codon_A_GCG=-0.036; rg_mean_burden_on_hit_synonymous=-0.015; delta_kappa=-0.011
O95677_347_360,4,0.8633333333333333,esm_std=+0.049; esm_fraction_disruptive=+0.048; esm_min=+0.048,delta_ncpr=-0.016; af_rg_median_log10=-0.016; region_length=-0.015
Q99502_292_312,4,0.8633333333333333,esm_min=+0.048; esm_fraction_disruptive=+0.047; esm_std=+0.045,delta_ncpr=-0.017; af_log2ratio_lof_syn_count=-0.008; wt_aromaticity=-0.007
Q9ULL5_1196_1213,4,0.8433333333333334,esm_min=+0.058; esm_std=+0.056; esm_fraction_disruptive=+0.052,delta_ncpr=-0.021; gc3=-0.010; codon_G_GGC=-0.008
Q6AWC2_445_463,4,0.8233333333333334,esm_std=+0.065; esm_min=+0.055; esm_fraction_disruptive=+0.050,codon_G_GGG=-0.020; gc3=-0.015; wt_hydropathy=-0.010
P55197_672_688,4,0.8133333333333334,esm_std=+0.064; esm_min=+0.057; esm_fraction_disruptive=+0.054,variant_density=-0.023; density_synonymous=-0.021; codon_G_GGT=-0.015
Q96IZ7_83_96,4,0.81,esm_fraction_disruptive=+0.051; esm_std=+0.050; esm_min=+0.049,rg_fraction_rgs_hit_LoF=-0.021; density_LoF=-0.018; region_length=-0.017
Q9ULL5_1744_1761,4,0.81,esm_min=+0.059; esm_std=+0.051; esm_median=+0.029,am_max=-0.025; gc3=-0.016; af_am_score_weighted_by_rarity=-0.015
Q96PC5_1313_1329,4,0.8066666666666666,esm_min=+0.037; esm_fraction_disruptive=+0.036; gc3=+0.032,wt_kappa=-0.024; codon_G_GGT=-0.017; af_median_log10_lof=-0.011
O15417_2325_2338,4,0.8033333333333333,esm_min=+0.061; esm_std=+0.058; esm_fraction_disruptive=+0.052,codon_G_GGG=-0.034; density_missense=-0.017; delta_ncpr=-0.014
Q15772_2002_2018,4,0.8033333333333333,esm_min=+0.073; esm_fraction_disruptive=+0.072; esm_median=+0.036,gc3=-0.022; codon_G_GGT=-0.016; codon_R_AGG=-0.010
Q15772_2355_2370,4,0.7966666666666666,esm_std=+0.066; esm_min=+0.062; af_am_score_weighted_by_rarity=+0.037,codon_G_GGG=-0.018; gc3=-0.015; codon_G_GGT=-0.011
Q9UDY2_192_209,4,0.7966666666666666,esm_min=+0.088; esm_std=+0.075; esm_fraction_disruptive=+0.063,gc3=-0.025; codon_R_CGG=-0.014; codon_G_GGT=-0.012
Q5T8D3_394_407,4,0.7866666666666666,gc=+0.085; gc3=+0.074; wt_aromaticity=+0.027,esm_fraction_disruptive=-0.022; region_length=-0.016; codon_G_GGT=-0.014
Q53GS9_5_28,4,0.77,esm_min=+0.063; esm_std=+0.054; esm_fraction_disruptive=+0.049,variant_density=-0.024; density_synonymous=-0.016; density_missense=-0.013
Q9UDY2_212_229,4,0.7633333333333333,esm_min=+0.084; esm_std=+0.079; esm_fraction_disruptive=+0.067,gc3=-0.024; af_am_score_weighted_by_rarity=-0.015; density_missense=-0.014
Q13185_110_125,4,0.7533333333333333,gc=+0.086; gc3=+0.060; codon_G_GGT=+0.032,esm_fraction_disruptive=-0.021; esm_min=-0.019; esm_std=-0.017
Q9NYV4_1468_1490,4,0.7466666666666667,gc3=+0.052; am_std=+0.050; gc=+0.050,esm_fraction_disruptive=-0.038; esm_median=-0.031; esm_std=-0.027
O95835_247_265,4,0.74,esm_min=+0.055; esm_fraction_disruptive=+0.052; gc3=+0.034,esm_std=-0.027; wt_fraction_proline=-0.016; wt_aromaticity=-0.012
P35527_472_496,4,0.7133333333333334,gc3=+0.078; gc=+0.043; cpg_frac=+0.032,esm_min=-0.032; esm_fraction_disruptive=-0.029; esm_std=-0.018
P13497_101_119,4,0.7066666666666667,esm_std=+0.091; esm_min=+0.079; esm_fraction_disruptive=+0.029,esm_median=-0.029; af_am_score_weighted_by_rarity=-0.025; codon_G_GGG=-0.017
Q96PV6_362_388,4,0.6866666666666666,esm_std=+0.085; esm_min=+0.076; esm_fraction_disruptive=+0.033,codon_G_GGG=-0.036; esm_median=-0.028; codon_A_GCG=-0.014
Q96PC5_1157_1174,4,0.68,esm_std=+0.056; esm_min=+0.049; am_std=+0.039,esm_fraction_disruptive=-0.047; esm_median=-0.036; wt_kappa=-0.022
Q7Z4V5_379_397,4,0.6733333333333333,esm_min=+0.085; esm_fraction_disruptive=+0.044; esm_std=+0.022,delta_ncpr=-0.022; gc3=-0.019; variant_density=-0.017
Q8N7J2_187_201,4,0.6733333333333333,esm_min=+0.058; esm_fraction_disruptive=+0.055; esm_std=+0.054,delta_kappa=-0.024; gc3=-0.021; density_synonymous=-0.017
Q9Y6N7_1232_1250,4,0.67,gc3=+0.054; codon_S_TCT=+0.037; esm_std=+0.020,esm_fraction_disruptive=-0.029; esm_min=-0.023; af_log2ratio_lof_syn_count=-0.010
A6H8Y1_1837_1856,4,0.6566666666666666,gc=+0.060; af_am_score_weighted_by_rarity=+0.049; gc3=+0.039,esm_std=-0.060; esm_fraction_disruptive=-0.048; esm_min=-0.034
O43583_93_107,4,0.65,gc=+0.096; gc3=+0.080; codon_G_GGT=+0.044,esm_fraction_disruptive=-0.029; esm_min=-0.027; esm_std=-0.022
P0DPH9_73_89,4,0.6466666666666666,gc=+0.106; gc3=+0.071; codon_G_GGT=+0.036,esm_fraction_disruptive=-0.032; esm_min=-0.029; esm_std=-0.026
A0A1B0GTR3_73_89,4,0.6466666666666666,gc=+0.106; gc3=+0.071; codon_G_GGT=+0.036,esm_fraction_disruptive=-0.032; esm_min=-0.029; esm_std=-0.026
Q7RTP6_689_703,4,0.6366666666666667,esm_min=+0.079; esm_std=+0.076; esm_fraction_disruptive=+0.058,af_am_score_weighted_by_rarity=-0.061; am_max=-0.037; am_std=-0.036
Q14781_127_141,4,0.6333333333333333,af_am_score_weighted_by_rarity=+0.050; am_std=+0.049; am_max=+0.037,esm_std=-0.039; esm_fraction_disruptive=-0.039; esm_min=-0.027
Q6RI45_1663_1679,4,0.6333333333333333,gc=+0.058; wt_aromaticity=+0.034; gc3=+0.032,esm_fraction_disruptive=-0.039; esm_min=-0.031; esm_std=-0.029
Q9Y6R9_303_316,4,0.6166666666666667,esm_min=+0.085; esm_std=+0.079; esm_fraction_disruptive=+0.076,gc3=-0.025; gc=-0.021; codon_A_GCG=-0.021
Q5D862_1484_1503,4,0.6166666666666667,gc=+0.072; gc3=+0.045; cpg_frac=+0.023,esm_min=-0.029; esm_fraction_disruptive=-0.027; esm_std=-0.024
Q5JU85_197_213,4,0.6,am_std=+0.065; af_am_score_weighted_by_rarity=+0.061; am_max=+0.051,esm_fraction_disruptive=-0.039; esm_std=-0.034; esm_min=-0.033
Q9ULN7_559_575,4,0.6,af_am_score_weighted_by_rarity=+0.051; esm_min=+0.038; am_max=+0.031,codon_A_GCG=-0.023; variant_density=-0.018; esm_std=-0.017
Q96MS0_1345_1365,4,0.5933333333333334,esm_min=+0.068; af_am_score_weighted_by_rarity=+0.042; esm_median=+0.037,esm_std=-0.047; gc3=-0.030; af_median_log10_lof=-0.020
Q96JP5_46_62,4,0.5866666666666667,af_am_score_weighted_by_rarity=+0.056; esm_median=+0.021; density_LoF=+0.021,esm_min=-0.037; esm_fraction_disruptive=-0.035; esm_std=-0.024
Q7Z2Y5_1004_1023,4,0.58,gc3=+0.064; gc=+0.062; wt_aromaticity=+0.023,esm_std=-0.054; esm_min=-0.052; af_am_score_weighted_by_rarity=-0.047
O75420_250_274,4,0.58,codon_S_TCT=+0.032; gc3=+0.032; wt_aromaticity=+0.029,esm_fraction_disruptive=-0.033; esm_min=-0.033; esm_std=-0.026
P78364_871_889,4,0.5566666666666666,codon_G_GGT=+0.053; gc=+0.034; delta_ncpr=+0.019,esm_fraction_disruptive=-0.033; esm_min=-0.031; esm_std=-0.026
P05060_358_371,4,0.5533333333333333,gc=+0.058; wt_aromaticity=+0.034; wt_n_neg=+0.020,esm_min=-0.034; esm_fraction_disruptive=-0.031; esm_std=-0.026
P49760_7_21,4,0.55,delta_n_neg=+0.040; af_rg_vs_nonrg_log10_delta_mis=+0.031; delta_ncpr=+0.021,esm_fraction_disruptive=-0.038; esm_min=-0.036; esm_std=-0.036
Q8TDC3_476_491,4,0.55,esm_min=+0.040; esm_std=+0.038; esm_fraction_disruptive=+0.025,gc3=-0.026; gc=-0.021; wt_kappa=-0.019
Q9ULN7_154_168,4,0.55,codon_G_GGT=+0.032; af_rg_vs_nonrg_log10_delta_mis=+0.026; af_frac_rare_delta_mis_syn=+0.024,esm_std=-0.049; esm_fraction_disruptive=-0.037; esm_min=-0.036
Q9UPQ0_59_76,4,0.5466666666666666,wt_n_neg=+0.025; delta_ncpr=+0.023; gc=+0.022,esm_min=-0.031; esm_fraction_disruptive=-0.030; esm_std=-0.027
O15417_223_242,4,0.5366666666666666,esm_min=+0.044; am_std=+0.040; am_max=+0.026,esm_fraction_disruptive=-0.047; esm_median=-0.027; gc3=-0.025
Q5H9R4_520_535,4,0.5366666666666666,gc=+0.063; codon_G_GGT=+0.034; gc3=+0.023,esm_fraction_disruptive=-0.048; esm_min=-0.042; delta_ncpr=-0.031
P83916_106_121,4,0.5366666666666666,codon_G_GGT=+0.035; wt_aromaticity=+0.023; gc3=+0.020,esm_fraction_disruptive=-0.038; esm_min=-0.034; esm_std=-0.026
Q58WW2_359_379,4,0.5233333333333333,gc=+0.069; gc3=+0.064; codon_A_GCA=+0.023,af_am_score_weighted_by_rarity=-0.036; esm_fraction_disruptive=-0.034; esm_min=-0.032
Q9H3H9_201_218,4,0.5233333333333333,codon_G_GGT=+0.044; wt_aromaticity=+0.033; delta_n_neg=+0.030,esm_fraction_disruptive=-0.035; esm_min=-0.035; esm_std=-0.027
Q5D862_1407_1426,4,0.5233333333333333,gc=+0.035; codon_S_TCT=+0.027; cpg_frac=+0.022,esm_fraction_disruptive=-0.029; esm_min=-0.027; wt_kappa=-0.022
A7E2V4_1119_1137,4,0.5233333333333333,codon_A_GCA=+0.037; gc3=+0.036; wt_aromaticity=+0.034,esm_min=-0.039; esm_fraction_disruptive=-0.036; esm_std=-0.026
Q9Y566_1043_1058,4,0.5166666666666667,am_std=+0.052; af_am_score_weighted_by_rarity=+0.041; am_max=+0.036,esm_fraction_disruptive=-0.043; esm_std=-0.037; esm_min=-0.029
O43283_587_601,4,0.49333333333333335,af_am_score_weighted_by_rarity=+0.065; am_std=+0.055; am_max=+0.033,esm_fraction_disruptive=-0.046; esm_std=-0.041; esm_min=-0.030
Q9Y6R9_317_333,4,0.49,esm_min=+0.095; rg_fraction=+0.015; esm_fraction_disruptive=+0.012,gc=-0.037; gc3=-0.029; af_am_score_weighted_by_rarity=-0.028
Q5D862_2088_2107,4,0.4866666666666667,gc3=+0.026; codon_S_TCT=+0.025; gc=+0.021,esm_min=-0.034; esm_fraction_disruptive=-0.033; esm_std=-0.023
P55201_1026_1044,4,0.48333333333333334,wt_aromaticity=+0.033; density_LoF=+0.020; af_log2ratio_lof_syn_count=+0.017,esm_min=-0.038; esm_fraction_disruptive=-0.034; esm_std=-0.023
Q5D862_2238_2257,4,0.48333333333333334,gc=+0.039; codon_S_TCT=+0.026; cpg_frac=+0.024,esm_min=-0.037; esm_fraction_disruptive=-0.032; esm_std=-0.024
P20930_407_421,4,0.48333333333333334,gc3=+0.032; codon_A_GCA=+0.030; codon_S_TCT=+0.022,esm_fraction_disruptive=-0.036; esm_min=-0.035; esm_std=-0.030
Q7Z4V5_354_370,4,0.47333333333333333,delta_n_neg=+0.034; wt_n_neg=+0.021; wt_kappa=+0.020,gc3=-0.030; esm_min=-0.029; esm_fraction_disruptive=-0.027
Q8NG27_247_260,4,0.47,gc3=+0.026; codon_A_GCA=+0.024; gc=+0.013,esm_min=-0.027; esm_fraction_disruptive=-0.027; wt_aromaticity=-0.026
Q9C073_3_32,4,0.47,af_am_score_weighted_by_rarity=+0.036; region_length=+0.036; am_max=+0.033,esm_std=-0.057; esm_fraction_disruptive=-0.055; esm_min=-0.051
Q14669_375_393,4,0.4666666666666667,gc3=+0.083; codon_S_TCT=+0.033; codon_S_AGT=+0.014,esm_min=-0.041; esm_fraction_disruptive=-0.034; esm_std=-0.028
Q9Y2J0_198_216,4,0.45666666666666667,codon_G_GGT=+0.037; delta_n_neg=+0.031; af_frac_rare_delta_mis_syn=+0.027,esm_std=-0.056; af_am_score_weighted_by_rarity=-0.050; esm_fraction_disruptive=-0.038
P30414_1354_1370,4,0.45,wt_aromaticity=+0.035; gc=+0.029; codon_G_GGG=+0.013,esm_min=-0.040; esm_fraction_disruptive=-0.036; esm_std=-0.031
Q9Y2H5_203_220,4,0.45,codon_R_CGA=+0.024; delta_n_neg=+0.021; wt_n_neg=+0.019,esm_min=-0.042; esm_fraction_disruptive=-0.038; esm_std=-0.030
O95428_580_602,4,0.44666666666666666,af_rg_vs_nonrg_log10_delta_mis=+0.025; region_length=+0.024; wt_n_neg=+0.018,esm_std=-0.050; af_am_score_weighted_by_rarity=-0.045; esm_min=-0.045
Q5SNV9_363_386,4,0.44,codon_A_GCA=+0.037; delta_n_neg=+0.033; delta_ncpr=+0.018,esm_min=-0.036; esm_std=-0.035; esm_fraction_disruptive=-0.032
Q8WUZ0_65_89,4,0.43666666666666665,region_length=+0.022; n_g_hits_disrupting=+0.020; wt_kappa=+0.011,esm_std=-0.049; esm_fraction_disruptive=-0.048; esm_min=-0.046
Q9ULN7_615_632,4,0.43333333333333335,af_am_score_weighted_by_rarity=+0.056; am_std=+0.043; am_max=+0.037,esm_fraction_disruptive=-0.046; esm_std=-0.044; esm_median=-0.032
Q8IUG5_141_156,4,0.43,codon_G_GGT=+0.031; af_rg_vs_nonrg_log10_delta_mis=+0.025; gc=+0.021,esm_std=-0.059; esm_min=-0.052; esm_fraction_disruptive=-0.042
Q6ZMY3_1070_1087,4,0.4266666666666667,wt_aromaticity=+0.030; cpg_frac=+0.025; codon_S_TCT=+0.016,esm_min=-0.049; esm_fraction_disruptive=-0.043; am_std=-0.024
O95886_1_14,4,0.42333333333333334,wt_aromaticity=+0.031; delta_ncpr=+0.016; codon_R_CGA=+0.014,esm_fraction_disruptive=-0.039; esm_min=-0.037; esm_std=-0.031
Q9P266_518_536,4,0.42333333333333334,codon_A_GCA=+0.041; wt_aromaticity=+0.027; delta_ncpr=+0.025,esm_min=-0.037; esm_std=-0.034; esm_fraction_disruptive=-0.032
P20930_3754_3773,4,0.42333333333333334,wt_aromaticity=+0.029; gc3=+0.014; codon_G_GGG=+0.012,esm_min=-0.043; esm_fraction_disruptive=-0.036; esm_std=-0.029
Q9BX66_1128_1144,4,0.42,codon_A_GCA=+0.029; wt_kappa=+0.023; af_median_log10_lof=+0.019,esm_std=-0.046; esm_min=-0.043; esm_fraction_disruptive=-0.032
Q7L8J4_369_390,4,0.41333333333333333,region_length=+0.022; n_g_hits_disrupting=+0.017; n_variants_total=+0.012,esm_std=-0.060; esm_min=-0.047; esm_fraction_disruptive=-0.045
P20930_1485_1504,4,0.41,wt_aromaticity=+0.033; codon_G_GGG=+0.012; codon_G_GGA=+0.011,esm_min=-0.042; esm_fraction_disruptive=-0.035; esm_std=-0.030
Q9NUQ3_5_19,4,0.4066666666666667,af_am_score_weighted_by_rarity=+0.038; wt_n_neg=+0.025; af_median_log10_mis=+0.013,esm_min=-0.064; esm_std=-0.053; esm_fraction_disruptive=-0.042
Q4KMQ1_205_220,4,0.4033333333333333,am_max=+0.032; am_std=+0.024; af_am_score_weighted_by_rarity=+0.019,esm_fraction_disruptive=-0.050; esm_median=-0.032; esm_min=-0.029
Q9NQR7_398_412,4,0.4033333333333333,delta_n_neg=+0.046; wt_n_neg=+0.031; delta_ncpr=+0.023,esm_min=-0.039; esm_fraction_disruptive=-0.036; esm_std=-0.033
Q969E4_171_198,4,0.4033333333333333,rg_fraction=+0.020; n_rg_motifs=+0.018; wt_aromaticity=+0.018,esm_min=-0.040; esm_fraction_disruptive=-0.039; esm_std=-0.031
Q8WXH2_533_555,4,0.4,wt_n_neg=+0.027; region_length=+0.020; af_log2ratio_lof_syn_count=+0.018,esm_std=-0.055; esm_min=-0.044; af_am_score_weighted_by_rarity=-0.037
P20930_1809_1828,4,0.39666666666666667,gc3=+0.024; cpg_frac=+0.023; codon_G_GGG=+0.013,esm_min=-0.045; esm_fraction_disruptive=-0.036; esm_std=-0.032
Q5H9L2_177_201,4,0.39,rg_fraction=+0.023; wt_aromaticity=+0.021; codon_G_GGG=+0.014,esm_min=-0.042; esm_fraction_disruptive=-0.041; esm_std=-0.031
Q9H4M7_732_748,4,0.38666666666666666,codon_S_TCT=+0.022; wt_aromaticity=+0.019; af_median_log10_syn=+0.017,esm_std=-0.066; esm_min=-0.052; esm_fraction_disruptive=-0.048
Q6ZMY3_1086_1099,4,0.38333333333333336,af_frac_rare_delta_mis_syn=+0.037; af_am_score_weighted_by_rarity=+0.028; wt_aromaticity=+0.022,esm_std=-0.058; esm_fraction_disruptive=-0.043; esm_min=-0.043
O95153_1580_1603,4,0.38,codon_S_TCT=+0.040; region_length=+0.031; codon_L_CTC=+0.019,esm_std=-0.055; esm_min=-0.053; esm_fraction_disruptive=-0.044
Q96NY7_62_83,4,0.38,wt_n_neg=+0.023; delta_ncpr=+0.023; region_length=+0.021,af_am_score_weighted_by_rarity=-0.045; esm_fraction_disruptive=-0.034; am_std=-0.030
P20930_3106_3125,4,0.38,wt_aromaticity=+0.031; delta_ncpr=+0.020; codon_G_GGT=+0.009,esm_min=-0.042; esm_fraction_disruptive=-0.037; esm_std=-0.032
O75638_51_68,4,0.37666666666666665,density_LoF=+0.019; esm_median=+0.015; wt_kappa=+0.014,esm_std=-0.057; esm_min=-0.048; esm_fraction_disruptive=-0.038
D6RIA3_846_866,4,0.37,wt_n_neg=+0.032; delta_n_neg=+0.031; delta_ncpr=+0.022,esm_min=-0.038; esm_fraction_disruptive=-0.037; esm_std=-0.034
O60293_90_105,4,0.36666666666666664,am_max=+0.025; wt_aromaticity=+0.015; density_LoF=+0.013,esm_std=-0.049; esm_fraction_disruptive=-0.047; esm_min=-0.043
Q70EL1_528_542,4,0.36666666666666664,codon_S_TCT=+0.055; cpg_frac=+0.019; codon_G_GGG=+0.013,esm_min=-0.043; esm_fraction_disruptive=-0.030; esm_std=-0.030
Q9UJ04_389_402,4,0.36333333333333334,gc3=+0.069; delta_fraction_proline=+0.012; cpg_frac=+0.008,esm_fraction_disruptive=-0.044; esm_min=-0.042; esm_std=-0.033
O75638_37_52,4,0.36,esm_median=+0.042; density_LoF=+0.016; af_frac_singleton_syn=+0.011,esm_std=-0.050; esm_min=-0.038; esm_fraction_disruptive=-0.032
Q8N7J2_2_23,4,0.36,region_length=+0.018; cpg_oe=+0.010; af_n_indel=+0.010,esm_std=-0.046; esm_min=-0.043; esm_fraction_disruptive=-0.038
Q5JRA6_464_482,4,0.3566666666666667,gc=+0.077; af_median_log10_lof=+0.012; af_rg_vs_nonrg_log10_delta_mis=+0.012,esm_std=-0.058; af_am_score_weighted_by_rarity=-0.054; esm_min=-0.047
A7E2V4_1454_1471,4,0.3566666666666667,gc3=+0.029; codon_G_GGT=+0.019; cpg_frac=+0.019,esm_min=-0.042; esm_fraction_disruptive=-0.041; esm_std=-0.032
Q96JP2_464_479,4,0.3566666666666667,codon_G_GGT=+0.046; wt_n_neg=+0.029; wt_fcr=+0.018,esm_min=-0.043; esm_fraction_disruptive=-0.037; esm_std=-0.034
Q96JG9_2630_2645,4,0.3566666666666667,gc=+0.095; cpg_frac=+0.014; wt_fcr=+0.014,esm_min=-0.038; esm_fraction_disruptive=-0.035; esm_std=-0.031
O00555_2099_2114,4,0.35333333333333333,af_am_score_weighted_by_rarity=+0.060; density_LoF=+0.015; am_std=+0.014,esm_std=-0.076; esm_fraction_disruptive=-0.050; esm_min=-0.049
Q9H4M7_197_210,4,0.35,codon_G_GGT=+0.049; af_rg_vs_nonrg_log10_delta_mis=+0.020; wt_kappa=+0.017,af_am_score_weighted_by_rarity=-0.050; esm_fraction_disruptive=-0.046; esm_min=-0.043
P20930_2782_2801,4,0.35,wt_aromaticity=+0.033; codon_G_GGT=+0.009; cpg_frac=+0.008,esm_min=-0.045; esm_fraction_disruptive=-0.037; esm_std=-0.034
Q8N1G0_1055_1072,4,0.3466666666666667,af_median_log10_lof=+0.018; wt_kappa=+0.017; af_frac_singleton_syn=+0.014,af_am_score_weighted_by_rarity=-0.048; esm_min=-0.038; esm_fraction_disruptive=-0.035
O14559_1239_1266,4,0.3466666666666667,wt_aromaticity=+0.031; delta_ncpr=+0.020; delta_n_pos=+0.012,codon_G_GGG=-0.040; esm_fraction_disruptive=-0.039; esm_min=-0.037
P23327_127_141,4,0.3466666666666667,delta_ncpr=+0.025; codon_R_CGT=+0.011; codon_E_GAG=+0.010,esm_fraction_disruptive=-0.034; esm_min=-0.034; codon_G_GGG=-0.033
Q6UY14_114_132,4,0.34,codon_G_GGT=+0.035; codon_S_TCT=+0.022; gc3=+0.017,esm_std=-0.062; esm_min=-0.054; esm_fraction_disruptive=-0.047
P42768_352_371,4,0.34,gc3=+0.027; codon_R_CGA=+0.017; delta_fraction_proline=+0.016,esm_min=-0.044; esm_fraction_disruptive=-0.039; esm_std=-0.031
O15020_2173_2193,4,0.33666666666666667,codon_S_TCT=+0.046; af_median_log10_lof=+0.010; n_variants_total=+0.009,esm_std=-0.061; esm_min=-0.046; af_am_score_weighted_by_rarity=-0.041
Q96NY7_110_128,4,0.3333333333333333,delta_n_neg=+0.037; delta_ncpr=+0.031; esm_median=+0.016,esm_std=-0.038; esm_fraction_disruptive=-0.033; af_am_score_weighted_by_rarity=-0.031
Q9NZU7_161_196,4,0.3333333333333333,region_length=+0.032; n_g_hits_disrupting=+0.028; wt_n_neg=+0.022,esm_std=-0.049; esm_fraction_disruptive=-0.042; esm_min=-0.040
Q9C0C7_1280_1298,4,0.3333333333333333,delta_ncpr=+0.019; wt_kappa=+0.016; delta_n_neg=+0.014,esm_min=-0.044; esm_fraction_disruptive=-0.038; esm_std=-0.037
Q96JE7_970_989,4,0.33,af_rg_vs_nonrg_log10_delta_mis=+0.024; wt_aromaticity=+0.015; codon_E_GAG=+0.011,esm_std=-0.052; af_am_score_weighted_by_rarity=-0.051; esm_fraction_disruptive=-0.046
Q9ULD9_450_477,4,0.33,cpg_frac=+0.030; wt_aromaticity=+0.028; codon_A_GCC=+0.012,codon_G_GGG=-0.040; esm_min=-0.039; esm_fraction_disruptive=-0.037
P05060_415_429,4,0.33,wt_aromaticity=+0.031; codon_A_GCC=+0.009; codon_P_CCA=+0.009,esm_min=-0.045; esm_fraction_disruptive=-0.043; esm_std=-0.032
P57796_41_55,4,0.32666666666666666,codon_S_TCT=+0.021; wt_fcr=+0.013; codon_L_CTC=+0.013,esm_std=-0.037; esm_fraction_disruptive=-0.036; af_am_score_weighted_by_rarity=-0.029
Q969W3_31_47,4,0.32666666666666666,af_rg_vs_nonrg_log10_delta_mis=+0.028; wt_kappa=+0.018; codon_R_CGA=+0.017,esm_std=-0.053; esm_min=-0.051; esm_fraction_disruptive=-0.046
O75420_111_134,4,0.32666666666666666,rg_fraction=+0.025; wt_aromaticity=+0.024; codon_R_CGA=+0.018,esm_min=-0.044; esm_fraction_disruptive=-0.040; esm_std=-0.032
Q9UBC1_282_296,4,0.3233333333333333,wt_aromaticity=+0.024; delta_ncpr=+0.020; codon_L_CTC=+0.018,esm_min=-0.039; esm_fraction_disruptive=-0.035; esm_std=-0.034
Q7Z6P3_738_754,4,0.3233333333333333,codon_S_TCT=+0.032; gc3=+0.026; cpg_frac=+0.017,esm_min=-0.039; esm_fraction_disruptive=-0.039; codon_G_GGG=-0.037
Q9BY11_338_358,4,0.3233333333333333,wt_aromaticity=+0.030; delta_n_neg=+0.022; delta_ncpr=+0.018,esm_min=-0.041; esm_fraction_disruptive=-0.037; esm_std=-0.035
Q5SW24_391_407,4,0.32,af_rg_vs_nonrg_log10_delta_mis=+0.015; wt_fcr=+0.013; fraction_inframe_indel=+0.013,esm_std=-0.062; esm_min=-0.046; esm_fraction_disruptive=-0.041
Q6NV74_558_575,4,0.32,wt_aromaticity=+0.024; codon_R_CGA=+0.018; wt_fcr=+0.017,esm_min=-0.046; esm_fraction_disruptive=-0.038; gc3=-0.035
Q6PJG2_101_117,4,0.31666666666666665,delta_ncpr=+0.010; codon_G_GGT=+0.009; codon_R_CGT=+0.009,esm_min=-0.044; esm_fraction_disruptive=-0.039; esm_std=-0.034
P20930_3430_3449,4,0.31666666666666665,codon_G_GGG=+0.011; codon_G_GGA=+0.010; codon_G_GGT=+0.010,esm_min=-0.043; esm_fraction_disruptive=-0.037; esm_std=-0.033
Q9Y566_30_47,4,0.31333333333333335,codon_A_GCA=+0.031; codon_R_CGA=+0.010; n_g_hits_disrupting=+0.009,esm_fraction_disruptive=-0.042; esm_std=-0.040; esm_min=-0.038
Q8N3D4_447_466,4,0.31333333333333335,codon_S_TCT=+0.065; cpg_frac=+0.019; delta_hydropathy=+0.008,esm_min=-0.041; esm_fraction_disruptive=-0.034; codon_G_GGG=-0.033
A5PL33_219_234,4,0.31,delta_n_neg=+0.015; codon_G_GGA=+0.012; cpg_frac=+0.011,esm_min=-0.041; esm_fraction_disruptive=-0.040; esm_std=-0.035
P20930_2134_2153,4,0.31,codon_R_AGA=+0.018; codon_G_GGT=+0.010; cpg_frac=+0.008,esm_min=-0.044; esm_fraction_disruptive=-0.042; esm_std=-0.033
Q9H9J4_1093_1107,4,0.30666666666666664,af_log2ratio_lof_syn_count=+0.017; density_LoF=+0.014; wt_hydropathy=+0.011,esm_min=-0.047; esm_fraction_disruptive=-0.038; esm_std=-0.038
O96013_121_141,4,0.30666666666666664,wt_aromaticity=+0.031; codon_R_CGA=+0.019; codon_G_GGT=+0.010,esm_min=-0.043; esm_fraction_disruptive=-0.042; gc=-0.032
P20930_512_531,4,0.30666666666666664,codon_G_GGG=+0.013; codon_G_GGA=+0.011; codon_G_GGT=+0.009,esm_min=-0.045; esm_std=-0.038; esm_fraction_disruptive=-0.038
Q96JP2_410_466,4,0.2966666666666667,n_rg_motifs=+0.029; rg_fraction=+0.023; wt_n_neg=+0.023,esm_fraction_disruptive=-0.042; esm_min=-0.040; esm_std=-0.036
Q9Y2H5_664_684,4,0.29333333333333333,codon_L_CTT=+0.016; codon_G_GGG=+0.015; codon_A_GCC=+0.010,esm_min=-0.043; esm_fraction_disruptive=-0.038; esm_std=-0.034
Q96Q04_1322_1340,4,0.29,codon_S_TCT=+0.055; delta_ncpr=+0.027; delta_n_neg=+0.024,esm_min=-0.035; gc3=-0.033; codon_G_GGG=-0.030
Q9NQS1_32_79,4,0.29,n_rg_motifs=+0.034; rg_fraction=+0.032; wt_aromaticity=+0.010,esm_min=-0.044; esm_fraction_disruptive=-0.037; esm_std=-0.033
Q96JG9_1102_1123,4,0.29,rg_fraction=+0.023; wt_aromaticity=+0.017; wt_fcr=+0.014,esm_min=-0.047; esm_fraction_disruptive=-0.042; esm_std=-0.034
P10645_378_398,4,0.2866666666666667,wt_aromaticity=+0.033; codon_R_CGA=+0.024; codon_A_GCC=+0.011,esm_min=-0.045; esm_fraction_disruptive=-0.041; gc3=-0.035
Q8TF61_355_378,4,0.2833333333333333,codon_G_GGG=+0.015; codon_G_GGT=+0.012; wt_fcr=+0.007,esm_min=-0.043; esm_fraction_disruptive=-0.043; esm_std=-0.036
B1AL88_141_157,4,0.2833333333333333,wt_aromaticity=+0.029; codon_R_CGA=+0.025; codon_L_CTT=+0.016,esm_min=-0.047; esm_fraction_disruptive=-0.038; esm_std=-0.032
B4DYI2_69_85,4,0.2833333333333333,codon_A_GCA=+0.047; wt_kappa=+0.015; cpg_frac=+0.007,esm_fraction_disruptive=-0.042; esm_min=-0.041; codon_G_GGG=-0.037
Q9Y6R9_431_448,4,0.28,af_log2ratio_lof_syn_count=+0.018; codon_L_CTC=+0.016; density_LoF=+0.016,esm_std=-0.052; af_am_score_weighted_by_rarity=-0.041; esm_min=-0.040
O14559_986_1000,4,0.28,codon_L_CTC=+0.019; codon_R_CGA=+0.015; codon_A_GCC=+0.013,esm_min=-0.043; esm_std=-0.038; esm_fraction_disruptive=-0.036
Q8TF72_1190_1207,4,0.26666666666666666,codon_A_GCA=+0.037; density_LoF=+0.013; delta_ncpr=+0.011,esm_std=-0.070; esm_min=-0.052; esm_fraction_disruptive=-0.045
Q8IZP7_71_89,4,0.26666666666666666,delta_n_neg=+0.029; delta_ncpr=+0.028; delta_fraction_proline=+0.017,esm_min=-0.039; codon_G_GGG=-0.035; esm_fraction_disruptive=-0.035
Q5VZ46_645_661,4,0.2633333333333333,wt_kappa=+0.022; codon_R_CGA=+0.013; af_median_log10_indel=+0.011,esm_std=-0.052; esm_min=-0.049; esm_fraction_disruptive=-0.040
Q8N9B5_73_93,4,0.25666666666666665,delta_ncpr=+0.015; region_length=+0.011; esm_n_annotated=+0.008,esm_fraction_disruptive=-0.041; esm_std=-0.038; esm_min=-0.032
Q2TAM9_1_17,4,0.25666666666666665,wt_aromaticity=+0.030; codon_A_GCC=+0.013; codon_G_GGT=+0.009,esm_min=-0.046; esm_fraction_disruptive=-0.043; esm_std=-0.034
B3KS81_110_133,4,0.25333333333333335,wt_kappa=+0.015; codon_G_GGG=+0.014; codon_G_GGT=+0.013,esm_min=-0.050; esm_fraction_disruptive=-0.043; esm_std=-0.041
P20930_837_856,4,0.25,codon_G_GGT=+0.011; cpg_frac=+0.007; delta_ncpr=+0.006,esm_min=-0.043; esm_fraction_disruptive=-0.040; esm_std=-0.037
Q96HA1_19_31,4,0.24666666666666667,af_am_score_weighted_by_rarity=+0.014; codon_S_AGT=+0.010; delta_rg_ratio_rel_mean=+0.006,esm_min=-0.045; esm_fraction_disruptive=-0.045; esm_std=-0.030
Q9HCH5_262_277,4,0.24666666666666667,density_LoF=+0.018; codon_R_AGA=+0.015; af_log2ratio_lof_syn_count=+0.013,esm_min=-0.043; codon_G_GGG=-0.037; esm_fraction_disruptive=-0.036
Q9ULD9_424_440,4,0.24333333333333335,codon_S_TCT=+0.032; rg_fraction=+0.017; codon_S_AGT=+0.014,esm_min=-0.045; esm_fraction_disruptive=-0.036; esm_std=-0.034
Q96A19_148_170,4,0.24,wt_n_neg=+0.036; delta_n_neg=+0.021; n_rg_motifs=+0.005,esm_min=-0.044; esm_fraction_disruptive=-0.038; esm_std=-0.029
Q12852_648_662,4,0.23666666666666666,wt_fcr=+0.009; fraction_missense=+0.007; wt_fraction_proline=+0.007,esm_std=-0.064; esm_min=-0.045; esm_fraction_disruptive=-0.040
Q5T089_393_409,4,0.23333333333333334,codon_A_GCA=+0.038; af_median_log10_lof=+0.015; codon_R_AGA=+0.008,esm_std=-0.058; esm_min=-0.047; af_am_score_weighted_by_rarity=-0.042
Q15527_216_233,4,0.22333333333333333,wt_aromaticity=+0.032; codon_R_CGA=+0.025; delta_aromaticity=+0.003,esm_min=-0.043; esm_fraction_disruptive=-0.038; codon_G_GGG=-0.036
Q68EN5_86_100,4,0.21666666666666667,codon_S_AGT=+0.017; density_LoF=+0.013; af_log2ratio_lof_syn_count=+0.011,esm_std=-0.060; af_am_score_weighted_by_rarity=-0.055; esm_min=-0.042
B2RXF0_220_234,4,0.21666666666666667,codon_R_CGA=+0.020; codon_A_GCC=+0.014; delta_hydropathy=+0.006,esm_min=-0.046; esm_fraction_disruptive=-0.039; gc=-0.035
Q6ZU35_695_712,4,0.21666666666666667,delta_n_neg=+0.011; delta_hydropathy=+0.011; wt_hydropathy=+0.008,esm_min=-0.046; esm_fraction_disruptive=-0.042; esm_std=-0.042
O14654_406_424,4,0.21333333333333335,codon_A_GCC=+0.012; codon_G_GGA=+0.008; wt_kappa=+0.007,esm_min=-0.046; esm_fraction_disruptive=-0.041; esm_std=-0.038
Q5TZA2_498_515,4,0.21333333333333335,codon_R_CGA=+0.024; codon_A_GCC=+0.016; codon_G_GGG=+0.011,esm_min=-0.046; esm_fraction_disruptive=-0.043; esm_std=-0.035
Q8NDL9_787_805,4,0.20666666666666667,codon_S_TCT=+0.017; codon_L_TTG=+0.009; delta_rg_ratio_rel_mean=+0.008,esm_std=-0.060; esm_min=-0.056; esm_fraction_disruptive=-0.045
P55042_7_30,4,0.20666666666666667,delta_ncpr=+0.023; wt_aromaticity=+0.015; delta_n_pos=+0.010,esm_min=-0.045; esm_fraction_disruptive=-0.038; gc3=-0.038
Q96L96_366_382,4,0.20666666666666667,codon_S_TCT=+0.030; cpg_frac=+0.017; delta_kappa=+0.006,esm_min=-0.044; esm_std=-0.038; esm_fraction_disruptive=-0.037
Q9NQS1_1_23,4,0.20666666666666667,rg_fraction=+0.022; codon_G_GGG=+0.010; n_rg_motifs=+0.008,esm_min=-0.050; esm_fraction_disruptive=-0.041; esm_std=-0.036
Q8TC90_140_154,4,0.2,wt_aromaticity=+0.022; codon_G_GGG=+0.011; wt_hydropathy=+0.009,esm_min=-0.049; esm_fraction_disruptive=-0.040; gc3=-0.034
Q9UKN7_741_757,4,0.19,am_max=+0.028; wt_aromaticity=+0.028; am_std=+0.009,esm_fraction_disruptive=-0.054; esm_min=-0.050; esm_median=-0.039
Q5TF21_189_203,4,0.18666666666666668,wt_aromaticity=+0.027; codon_R_CGA=+0.021; codon_A_GCT=+0.007,esm_min=-0.048; esm_fraction_disruptive=-0.046; esm_std=-0.036
Q96JJ6_568_584,4,0.18666666666666668,cpg_frac=+0.011; codon_G_GGT=+0.009; delta_ncpr=+0.003,esm_min=-0.044; esm_fraction_disruptive=-0.042; esm_std=-0.040
Q86Y38_73_119,4,0.18666666666666668,codon_G_GGA=+0.013; codon_G_GGG=+0.012; n_rg_motifs=+0.011,esm_min=-0.047; esm_fraction_disruptive=-0.039; esm_std=-0.036
Q1W6H9_44_62,4,0.18333333333333332,wt_aromaticity=+0.026; codon_G_GGG=+0.008; codon_G_GGT=+0.006,esm_min=-0.051; esm_fraction_disruptive=-0.043; gc3=-0.035
Q8NCN4_17_31,4,0.18333333333333332,codon_S_AGT=+0.012; codon_G_GGG=+0.011; delta_n_neg=+0.009,esm_min=-0.046; esm_fraction_disruptive=-0.036; esm_std=-0.033
Q8TE68_200_215,4,0.18,codon_R_CGA=+0.011; fraction_inframe_indel=+0.008; codon_G_GGG=+0.007,esm_std=-0.042; esm_min=-0.036; esm_fraction_disruptive=-0.036
Q8N2M8_476_490,4,0.18,wt_aromaticity=+0.023; codon_L_CTC=+0.021; codon_G_GGG=+0.004,esm_min=-0.049; esm_fraction_disruptive=-0.041; gc3=-0.036
Q53LP3_228_244,4,0.18,delta_ncpr=+0.015; codon_R_AGG=+0.006; codon_G_GGG=+0.006,esm_min=-0.047; esm_fraction_disruptive=-0.039; esm_std=-0.037
Q6UY14_302_315,4,0.17666666666666667,wt_aromaticity=+0.013; codon_R_CGA=+0.010; af_frac_common_syn=+0.008,esm_std=-0.054; esm_min=-0.053; esm_fraction_disruptive=-0.046
Q9P219_1484_1500,4,0.17666666666666667,gc=+0.023; gc3=+0.011; codon_P_CCA=+0.006,esm_std=-0.065; esm_min=-0.063; esm_fraction_disruptive=-0.049
Q9Y3Q4_92_113,4,0.17666666666666667,wt_aromaticity=+0.022; codon_A_GCC=+0.014; codon_G_GGG=+0.008,esm_min=-0.046; esm_fraction_disruptive=-0.037; gc=-0.035
Q15772_1_14,4,0.17333333333333334,codon_R_CGA=+0.016; density_LoF=+0.012; af_log2ratio_lof_syn_count=+0.010,esm_std=-0.068; esm_min=-0.056; esm_fraction_disruptive=-0.048
P57055_8_21,4,0.17,delta_ncpr=+0.017; af_frac_rare_delta_mis_syn=+0.012; af_median_log10_mis=+0.006,esm_min=-0.043; esm_std=-0.041; esm_fraction_disruptive=-0.040
O95886_917_930,4,0.17,codon_G_GGG=+0.013; delta_n_neg=+0.009; codon_P_CCA=+0.005,esm_min=-0.048; esm_fraction_disruptive=-0.044; esm_std=-0.037
A1L390_1100_1114,4,0.16666666666666666,wt_fraction_proline=+0.006; af_median_log10_lof=+0.006; codon_G_GGG=+0.006,esm_std=-0.057; esm_min=-0.045; esm_fraction_disruptive=-0.037
O95996_1128_1141,4,0.16666666666666666,af_median_log10_mis=+0.013; codon_E_GAG=+0.010; codon_R_CGT=+0.005,esm_min=-0.049; esm_fraction_disruptive=-0.044; esm_std=-0.038
Q6P0Q8_997_1010,4,0.16666666666666666,af_median_log10_syn=+0.016; codon_R_CGT=+0.008; codon_R_CGA=+0.008,esm_min=-0.048; af_am_score_weighted_by_rarity=-0.047; esm_fraction_disruptive=-0.042
Q10571_933_949,4,0.16666666666666666,codon_G_GGG=+0.010; codon_G_GGT=+0.007; delta_hydropathy=+0.007,esm_min=-0.048; esm_fraction_disruptive=-0.042; esm_std=-0.039
A6NEL2_103_118,4,0.16,codon_R_CGA=+0.020; delta_hydropathy=+0.008; codon_S_TCC=+0.003,esm_min=-0.040; esm_fraction_disruptive=-0.036; esm_std=-0.033
P78358_37_52,4,0.15333333333333332,codon_G_GGT=+0.013; codon_G_GGG=+0.010; wt_fcr=+0.003,esm_min=-0.051; esm_fraction_disruptive=-0.044; esm_std=-0.035
A6NKL6_402_421,4,0.15,wt_n_neg=+0.030; wt_kappa=+0.017; wt_ncpr=+0.003,esm_fraction_disruptive=-0.046; esm_min=-0.046; esm_std=-0.040
Q96JG9_910_927,4,0.14666666666666667,codon_A_GCC=+0.011; wt_n_pos=+0.004; delta_fraction_proline=+0.003,esm_fraction_disruptive=-0.048; esm_min=-0.047; esm_std=-0.038
Q5VT97_7_21,4,0.13666666666666666,delta_hydropathy=+0.008; codon_G_GGG=+0.007; codon_L_TTG=+0.005,esm_min=-0.049; esm_std=-0.048; esm_fraction_disruptive=-0.045
Q86WR7_313_326,4,0.13333333333333333,af_rg_vs_nonrg_log10_delta_mis=+0.007; codon_R_CGT=+0.007; codon_G_GGG=+0.006,esm_std=-0.044; esm_fraction_disruptive=-0.036; af_am_score_weighted_by_rarity=-0.035
Q9H607_61_75,4,0.13333333333333333,delta_hydropathy=+0.006; codon_R_AGG=+0.004; codon_S_TCC=+0.003,esm_min=-0.047; esm_fraction_disruptive=-0.044; esm_std=-0.041
Q9NQ92_13_32,4,0.13333333333333333,codon_S_TCT=+0.015; wt_fraction_proline=+0.008; delta_ncpr=+0.004,esm_min=-0.041; gc=-0.037; gc3=-0.034
Q9H9H5_84_103,4,0.13,delta_hydropathy=+0.007; codon_D_GAC=+0.004; codon_S_TCC=+0.003,esm_min=-0.045; esm_fraction_disruptive=-0.037; esm_std=-0.034
A6NKL6_421_439,4,0.13,codon_L_CTC=+0.020; wt_fraction_proline=+0.004; wt_ncpr=+0.003,esm_min=-0.047; esm_fraction_disruptive=-0.039; esm_std=-0.035
Q9H461_188_204,4,0.10666666666666667,codon_G_GGG=+0.011; codon_G_GGT=+0.004; codon_L_CTG=+0.002,esm_min=-0.048; esm_fraction_disruptive=-0.042; gc=-0.033
Q96JP2_95_113,4,0.09333333333333334,n_rg_motifs=+0.007; codon_R_CGT=+0.004; codon_G_GGC=+0.003,esm_min=-0.050; esm_fraction_disruptive=-0.042; esm_std=-0.040
O14979_319_346,5,1.0,esm_min=+0.053; esm_std=+0.052; esm_fraction_disruptive=+0.048,delta_n_neg=-0.002; codon_S_TCT=-0.002; fraction_missense=-0.001
P19338_650_701,5,1.0,esm_std=+0.053; esm_min=+0.048; esm_fraction_disruptive=+0.045,codon_S_TCT=-0.002; fraction_missense=-0.001; af_median_log10_lof=-0.001
Q00839_697_746,5,1.0,esm_std=+0.047; esm_min=+0.045; esm_fraction_disruptive=+0.041,codon_S_TCT=-0.002; codon_R_CGA=-0.001; af_median_log10_mis=-0.001
Q01844_556_622,5,1.0,esm_std=+0.054; esm_min=+0.048; esm_fraction_disruptive=+0.048,codon_P_CCG=-0.003; af_n_lof=-0.002; codon_S_TCT=-0.001
Q8NCA5_345_381,5,1.0,esm_std=+0.054; esm_min=+0.051; esm_fraction_disruptive=+0.048,af_log2ratio_lof_syn_count=-0.002; codon_S_TCT=-0.002; af_n_lof=-0.001
Q92804_390_422,5,1.0,esm_min=+0.057; esm_std=+0.055; esm_fraction_disruptive=+0.049,delta_n_neg=-0.003; af_rg_vs_nonrg_log10_delta_mis=-0.002; codon_S_TCT=-0.002
Q9NY12_1_62,5,1.0,esm_std=+0.053; esm_min=+0.051; esm_fraction_disruptive=+0.045,delta_n_neg=-0.003; n_r_hits_disrupting=-0.001; af_n_lof=-0.001
Q9P2N5_947_968,5,1.0,esm_min=+0.054; esm_std=+0.050; esm_fraction_disruptive=+0.046,wt_aromaticity=-0.007; delta_n_neg=-0.003; codon_L_CTA=-0.002
A6NEQ0_140_158,5,1.0,gc=+0.097; gc3=+0.083; codon_S_TCT=+0.033,esm_min=-0.016; esm_fraction_disruptive=-0.016; esm_std=-0.007
A6NDE4_140_158,5,1.0,gc=+0.097; gc3=+0.083; codon_S_TCT=+0.033,esm_min=-0.016; esm_fraction_disruptive=-0.016; esm_std=-0.007
P0DJD3_140_158,5,1.0,gc=+0.097; gc3=+0.083; codon_S_TCT=+0.033,esm_min=-0.016; esm_fraction_disruptive=-0.016; esm_std=-0.007
Q15415_140_158,5,1.0,gc=+0.097; gc3=+0.083; codon_S_TCT=+0.033,esm_min=-0.016; esm_fraction_disruptive=-0.016; esm_std=-0.007
P0C7P1_140_158,5,1.0,gc=+0.097; gc3=+0.083; codon_S_TCT=+0.033,esm_min=-0.016; esm_fraction_disruptive=-0.016; esm_std=-0.007
P35637_373_401,5,0.9966666666666667,esm_std=+0.052; esm_min=+0.052; esm_fraction_disruptive=+0.048,codon_P_CCC=-0.004; codon_R_AGA=-0.002; codon_S_TCT=-0.002
Q01844_295_337,5,0.9966666666666667,esm_std=+0.055; esm_fraction_disruptive=+0.050; esm_min=+0.050,codon_S_TCT=-0.002; codon_A_GCC=-0.001; rg_event_fraction_no_change=-0.001
Q01844_484_512,5,0.9966666666666667,esm_std=+0.053; esm_min=+0.050; esm_fraction_disruptive=+0.046,rg_event_fraction_no_change=-0.002; delta_n_neg=-0.001; af_median_log10_delta_mis_syn=-0.001
Q13283_424_454,5,0.9966666666666667,esm_min=+0.065; esm_std=+0.063; esm_fraction_disruptive=+0.056,wt_aromaticity=-0.007; af_median_log10_lof=-0.005; delta_n_neg=-0.003
Q14152_1062_1123,5,0.9966666666666667,esm_min=+0.061; esm_std=+0.056; esm_fraction_disruptive=+0.051,codon_P_CCC=-0.003; af_rg_vs_nonrg_log10_delta_mis=-0.002; codon_A_GCT=-0.002
Q14157_163_194,5,0.9966666666666667,esm_std=+0.054; esm_min=+0.049; esm_fraction_disruptive=+0.047,delta_n_neg=-0.002; rg_event_fraction_no_change=-0.002; codon_A_GCC=-0.001
Q14444_671_704,5,0.9966666666666667,esm_std=+0.061; esm_min=+0.060; esm_fraction_disruptive=+0.055,af_median_log10_lof=-0.003; af_log2ratio_lof_syn_count=-0.002; delta_n_neg=-0.002
Q9BUJ2_607_652,5,0.9966666666666667,esm_std=+0.062; esm_min=+0.057; esm_fraction_disruptive=+0.050,codon_R_CGC=-0.005; af_log2ratio_lof_syn_count=-0.002; codon_S_AGC=-0.002
Q9UPT8_315_356,5,0.9966666666666667,esm_std=+0.058; esm_min=+0.055; esm_fraction_disruptive=+0.045,wt_aromaticity=-0.006; delta_n_neg=-0.002; rg_event_fraction_no_change=-0.001
Q9Y2W1_820_851,5,0.9966666666666667,esm_min=+0.053; esm_std=+0.052; esm_fraction_disruptive=+0.042,af_frac_singleton_syn=-0.002; codon_A_GCT=-0.002; codon_A_GCC=-0.001
Q9Y520_1182_1220,5,0.9966666666666667,esm_min=+0.050; esm_std=+0.049; esm_fraction_disruptive=+0.043,am_std=-0.006; af_median_log10_lof=-0.005; esm_n_annotated=-0.001
P22087_3_84,5,0.9933333333333333,esm_std=+0.054; esm_min=+0.053; esm_fraction_disruptive=+0.044,delta_n_neg=-0.003; n_r_hits_disrupting=-0.002; codon_P_CCC=-0.002
P35637_468_510,5,0.9933333333333333,esm_std=+0.052; esm_min=+0.049; esm_fraction_disruptive=+0.042,codon_G_GGC=-0.002; rg_event_fraction_no_change=-0.002; n_r_hits_disrupting=-0.001
P38159_364_391,5,0.9933333333333333,esm_std=+0.058; esm_min=+0.057; esm_fraction_disruptive=+0.050,delta_n_neg=-0.004; rg_r_fraction=-0.003; delta_hydropathy=-0.002
P51114_439_466,5,0.9933333333333333,esm_min=+0.061; esm_std=+0.056; esm_fraction_disruptive=+0.049,wt_aromaticity=-0.007; af_rg_vs_nonrg_log10_delta_mis=-0.003; rg_fraction_rgs_hit_synonymous=-0.003
Q13243_73_88,5,0.9933333333333333,esm_min=+0.052; esm_std=+0.052; esm_fraction_disruptive=+0.047,region_length=-0.005; delta_aromaticity=-0.003; delta_kappa=-0.002
Q14157_129_157,5,0.9933333333333333,esm_std=+0.053; esm_min=+0.051; esm_fraction_disruptive=+0.047,codon_S_TCT=-0.002; rg_event_fraction_no_change=-0.001; delta_rg_ratio_rel_mean=-0.001
Q5T6F2_161_187,5,0.9933333333333333,esm_min=+0.059; esm_std=+0.057; esm_fraction_disruptive=+0.053,density_LoF=-0.008; af_log2ratio_lof_syn_count=-0.004; codon_A_GCA=-0.003
Q92804_322_356,5,0.9933333333333333,esm_std=+0.054; esm_min=+0.051; esm_fraction_disruptive=+0.050,af_median_log10_lof=-0.005; af_rg_median_log10=-0.004; af_rg_vs_nonrg_log10_delta_mis=-0.003
A6NEQ0_108_126,5,0.9933333333333333,gc3=+0.096; gc=+0.065; cpg_frac=+0.035,esm_min=-0.017; esm_fraction_disruptive=-0.017; esm_std=-0.007
A6NDE4_108_126,5,0.9933333333333333,gc3=+0.096; gc=+0.065; cpg_frac=+0.035,esm_min=-0.017; esm_fraction_disruptive=-0.017; esm_std=-0.007
P0DJD3_108_126,5,0.9933333333333333,gc3=+0.096; gc=+0.065; cpg_frac=+0.035,esm_min=-0.017; esm_fraction_disruptive=-0.017; esm_std=-0.007
P0C7P1_108_126,5,0.9933333333333333,gc3=+0.096; gc=+0.065; cpg_frac=+0.035,esm_min=-0.017; esm_fraction_disruptive=-0.017; esm_std=-0.007
P35637_237_266,5,0.99,esm_std=+0.051; esm_min=+0.049; esm_fraction_disruptive=+0.042,codon_P_CCC=-0.005; codon_S_TCT=-0.001; codon_R_CGA=-0.001
P98179_82_112,5,0.99,esm_std=+0.069; esm_min=+0.062; esm_fraction_disruptive=+0.061,af_log2ratio_lof_syn_count=-0.003; af_median_log10_syn=-0.002; codon_R_CGA=-0.002
Q14152_1031_1057,5,0.99,esm_min=+0.064; esm_std=+0.060; esm_fraction_disruptive=+0.053,codon_G_GGT=-0.008; wt_aromaticity=-0.006; af_frac_common_mis=-0.003
Q69YN4_1682_1703,5,0.99,esm_std=+0.054; esm_min=+0.043; esm_fraction_disruptive=+0.038,af_rg_vs_nonrg_log10_delta_mis=-0.004; rg_r_fraction=-0.003; codon_A_GCC=-0.002
Q8ND56_265_285,5,0.99,esm_std=+0.055; esm_min=+0.052; esm_fraction_disruptive=+0.052,delta_n_neg=-0.003; codon_S_TCT=-0.002; rg_event_fraction_no_change=-0.002
Q92841_89_107,5,0.99,esm_std=+0.058; esm_min=+0.055; esm_fraction_disruptive=+0.051,codon_P_CCG=-0.004; rg_r_fraction=-0.004; delta_aromaticity=-0.003
Q99729_239_259,5,0.99,esm_min=+0.064; esm_std=+0.062; esm_fraction_disruptive=+0.053,delta_n_neg=-0.004; wt_kappa=-0.003; codon_R_CGC=-0.002
Q9NY12_164_217,5,0.99,esm_std=+0.050; esm_min=+0.049; esm_fraction_disruptive=+0.044,af_median_log10_lof=-0.008; delta_n_neg=-0.003; codon_S_TCT=-0.002
Q9UKY1_738_767,5,0.99,esm_min=+0.055; esm_std=+0.051; esm_fraction_disruptive=+0.046,wt_aromaticity=-0.007; codon_G_GGT=-0.006; codon_P_CCG=-0.003
Q8NCA5_451_477,5,0.9866666666666667,esm_min=+0.061; esm_std=+0.053; esm_fraction_disruptive=+0.050,wt_aromaticity=-0.006; codon_R_AGA=-0.003; delta_n_neg=-0.002
Q9HCE5_430_456,5,0.9866666666666667,esm_min=+0.045; esm_fraction_disruptive=+0.044; gc3=+0.035,af_median_log10_lof=-0.006; af_log2ratio_lof_syn_count=-0.005; af_rg_vs_nonrg_log10_delta_mis=-0.003
Q9P015_36_65,5,0.9866666666666667,esm_std=+0.060; esm_min=+0.057; esm_fraction_disruptive=+0.052,wt_aromaticity=-0.007; wt_kappa=-0.004; codon_S_TCT=-0.002
O14686_1310_1330,5,0.9833333333333333,esm_min=+0.059; esm_std=+0.058; esm_fraction_disruptive=+0.053,wt_aromaticity=-0.007; codon_L_CTA=-0.004; delta_aromaticity=-0.003
P23246_4_32,5,0.9833333333333333,esm_std=+0.059; esm_min=+0.055; esm_fraction_disruptive=+0.047,cpg_frac=-0.006; fraction_missense=-0.006; gc3=-0.005
P48634_1019_1053,5,0.9833333333333333,esm_std=+0.055; esm_min=+0.053; esm_fraction_disruptive=+0.048,rg_mean_burden_on_hit_synonymous=-0.002; delta_n_neg=-0.002; af_frac_singleton_mis=-0.002
P67809_234_253,5,0.9833333333333333,esm_std=+0.063; esm_min=+0.061; esm_fraction_disruptive=+0.054,codon_G_GGT=-0.009; n_rg_motifs=-0.003; af_rg_vs_nonrg_log10_delta_mis=-0.002
P78332_171_192,5,0.9833333333333333,esm_fraction_disruptive=+0.043; esm_min=+0.042; esm_std=+0.037,codon_G_GGT=-0.009; codon_L_TTA=-0.004; codon_G_GGC=-0.004
Q07666_278_297,5,0.9833333333333333,esm_min=+0.057; esm_std=+0.056; esm_fraction_disruptive=+0.046,codon_G_GGT=-0.009; wt_aromaticity=-0.007; wt_kappa=-0.004
Q92804_170_201,5,0.9833333333333333,esm_min=+0.044; esm_std=+0.043; esm_fraction_disruptive=+0.038,delta_n_neg=-0.005; delta_hydropathy=-0.002; codon_S_TCT=-0.002
Q9NQI0_142_164,5,0.9833333333333333,esm_std=+0.056; esm_fraction_disruptive=+0.049; gc3=+0.044,delta_n_neg=-0.005; am_max=-0.004; esm_min=-0.003
Q9UN86_427_444,5,0.9833333333333333,esm_min=+0.057; esm_fraction_disruptive=+0.055; esm_std=+0.053,wt_aromaticity=-0.007; af_log2ratio_lof_syn_count=-0.006; rg_fraction_rgs_hit_LoF=-0.003
Q9UPT8_231_276,5,0.9833333333333333,esm_std=+0.059; esm_min=+0.058; esm_fraction_disruptive=+0.046,codon_G_GGT=-0.007; gc3=-0.006; codon_G_GGC=-0.005
Q04637_1145_1163,5,0.98,esm_std=+0.068; esm_min=+0.064; esm_fraction_disruptive=+0.056,codon_G_GGT=-0.009; wt_aromaticity=-0.006; delta_rg_ratio_rel_mean=-0.003
Q14011_86_127,5,0.98,esm_min=+0.064; esm_std=+0.057; esm_fraction_disruptive=+0.056,density_LoF=-0.008; variant_density=-0.005; gc3=-0.004
Q659C4_140_169,5,0.98,esm_std=+0.052; esm_min=+0.049; esm_fraction_disruptive=+0.049,density_LoF=-0.008; af_median_log10_lof=-0.007; af_log2ratio_lof_syn_count=-0.006
Q8WWM7_355_377,5,0.98,esm_std=+0.059; esm_min=+0.058; af_am_score_weighted_by_rarity=+0.037,wt_aromaticity=-0.006; rg_mean_burden_on_hit_missense=-0.006; n_rg_motifs=-0.003
Q92804_452_542,5,0.98,esm_min=+0.056; esm_std=+0.055; esm_fraction_disruptive=+0.052,af_n_lof=-0.006; density_LoF=-0.006; rg_fraction_rgs_hit_LoF=-0.004
Q96EV2_270_292,5,0.98,esm_std=+0.067; esm_min=+0.064; esm_fraction_disruptive=+0.054,codon_P_CCG=-0.011; gc3=-0.006; codon_L_CTG=-0.005
Q9UN86_447_464,5,0.98,esm_min=+0.053; esm_std=+0.050; esm_fraction_disruptive=+0.043,wt_aromaticity=-0.008; af_rg_vs_nonrg_log10_delta_mis=-0.005; codon_L_CTT=-0.003
P98175_1_15,5,0.9766666666666667,esm_fraction_disruptive=+0.058; esm_min=+0.050; af_am_score_weighted_by_rarity=+0.039,region_length=-0.008; am_std=-0.005; rg_r_fraction=-0.004
Q01844_450_478,5,0.9766666666666667,esm_min=+0.063; esm_std=+0.060; esm_fraction_disruptive=+0.051,wt_aromaticity=-0.007; af_rg_vs_nonrg_log10_delta_mis=-0.003; codon_L_CTG=-0.003
Q06787_523_553,5,0.9766666666666667,esm_std=+0.051; af_am_score_weighted_by_rarity=+0.042; am_std=+0.033,codon_G_GGT=-0.010; codon_L_CTG=-0.005; rg_event_fraction_no_change=-0.002
Q13151_187_207,5,0.9766666666666667,esm_min=+0.070; esm_std=+0.067; esm_fraction_disruptive=+0.055,gc=-0.014; cpg_frac=-0.008; gc3=-0.008
Q14152_955_976,5,0.9766666666666667,esm_min=+0.077; esm_std=+0.075; esm_fraction_disruptive=+0.063,wt_aromaticity=-0.007; af_am_score_weighted_by_rarity=-0.006; am_max=-0.005
Q8NC51_158_194,5,0.9766666666666667,esm_min=+0.043; esm_std=+0.043; esm_fraction_disruptive=+0.041,cpg_oe=-0.003; wt_fcr=-0.002; codon_R_AGA=-0.001
Q9Y520_1339_1359,5,0.9766666666666667,esm_std=+0.063; esm_min=+0.062; esm_fraction_disruptive=+0.056,codon_R_AGG=-0.007; delta_kappa=-0.006; am_std=-0.004
O00571_83_105,5,0.9733333333333334,esm_std=+0.045; esm_fraction_disruptive=+0.040; esm_min=+0.036,codon_G_GGT=-0.008; rg_mean_burden_on_hit_synonymous=-0.003; rg_r_fraction=-0.003
P49750_1139_1161,5,0.9733333333333334,esm_std=+0.075; esm_min=+0.066; esm_fraction_disruptive=+0.061,wt_aromaticity=-0.009; codon_G_GGT=-0.008; am_max=-0.007
Q52LJ0_327_363,5,0.9733333333333334,esm_std=+0.054; esm_min=+0.054; esm_fraction_disruptive=+0.048,density_LoF=-0.017; fraction_LoF=-0.007; af_log2ratio_lof_syn_count=-0.005
Q5T6F2_125_155,5,0.9733333333333334,esm_std=+0.056; esm_min=+0.053; esm_fraction_disruptive=+0.045,cpg_oe=-0.004; delta_fcr=-0.001; wt_fcr=-0.001
Q7Z6E9_731_744,5,0.9733333333333334,esm_std=+0.064; esm_min=+0.061; esm_fraction_disruptive=+0.058,region_length=-0.013; delta_ncpr=-0.013; codon_G_GGT=-0.006
Q9Y2W1_82_96,5,0.9733333333333334,esm_std=+0.062; esm_fraction_disruptive=+0.054; esm_min=+0.053,codon_G_GGG=-0.012; codon_G_GGT=-0.010; region_length=-0.007
P14678_167_187,5,0.97,esm_std=+0.064; esm_min=+0.053; esm_fraction_disruptive=+0.049,wt_n_pos=-0.006; wt_fraction_proline=-0.004; wt_kappa=-0.003
P17844_474_493,5,0.97,esm_std=+0.052; esm_min=+0.045; af_am_score_weighted_by_rarity=+0.034,wt_aromaticity=-0.008; af_rg_n_variants=-0.002; af_n_indel=-0.001
Q5VWX1_182_199,5,0.97,esm_min=+0.059; esm_std=+0.057; esm_fraction_disruptive=+0.053,wt_aromaticity=-0.009; codon_G_GGA=-0.005; wt_kappa=-0.004
Q99590_1066_1086,5,0.97,esm_std=+0.061; esm_min=+0.059; esm_fraction_disruptive=+0.048,af_log2ratio_lof_syn_count=-0.008; am_max=-0.006; codon_G_GGC=-0.004
Q9BXP5_40_58,5,0.97,esm_std=+0.050; esm_min=+0.048; esm_fraction_disruptive=+0.046,af_median_log10_lof=-0.005; codon_G_GGA=-0.003; cpg_frac=-0.003
Q9Y2W1_69_84,5,0.97,esm_min=+0.058; esm_std=+0.055; esm_fraction_disruptive=+0.047,region_length=-0.008; delta_kappa=-0.005; codon_G_GGC=-0.003
P49959_565_598,5,0.9666666666666667,esm_min=+0.065; esm_std=+0.059; esm_fraction_disruptive=+0.047,af_median_log10_lof=-0.012; af_frac_singleton_lof=-0.006; wt_aromaticity=-0.006
Q6PKG0_333_358,5,0.9666666666666667,esm_min=+0.061; esm_std=+0.055; esm_fraction_disruptive=+0.045,codon_A_GCG=-0.018; cpg_frac=-0.008; gc=-0.004
Q9Y3Y2_149_208,5,0.9666666666666667,esm_min=+0.051; esm_std=+0.050; esm_fraction_disruptive=+0.049,af_median_log10_indel=-0.007; af_frac_singleton_indel=-0.006; wt_hydropathy=-0.006
O75525_215_253,5,0.9633333333333334,esm_min=+0.071; esm_std=+0.068; esm_fraction_disruptive=+0.056,codon_G_GGT=-0.012; wt_aromaticity=-0.007; density_LoF=-0.006
P38159_342_361,5,0.9633333333333334,esm_std=+0.053; esm_min=+0.048; esm_fraction_disruptive=+0.048,codon_G_GGG=-0.029; codon_G_GGT=-0.006; delta_n_neg=-0.003
P49750_1069_1087,5,0.9633333333333334,esm_min=+0.086; esm_std=+0.077; esm_fraction_disruptive=+0.060,wt_aromaticity=-0.009; am_max=-0.008; af_am_score_weighted_by_rarity=-0.006
Q14152_1126_1143,5,0.9633333333333334,esm_std=+0.054; esm_fraction_disruptive=+0.050; esm_min=+0.049,rg_mean_burden_on_hit_missense=-0.009; delta_rg_ratio_rel_mean=-0.005; codon_G_GGC=-0.002
Q92804_555_577,5,0.9633333333333334,esm_min=+0.069; esm_std=+0.064; esm_fraction_disruptive=+0.059,af_rg_median_log10=-0.011; am_max=-0.006; fraction_missense=-0.004
Q9NYF8_60_84,5,0.9633333333333334,esm_min=+0.048; esm_fraction_disruptive=+0.043; gc3=+0.040,esm_std=-0.010; delta_ncpr=-0.007; delta_n_pos=-0.007
Q9UMN6_276_303,5,0.9633333333333334,esm_std=+0.065; esm_min=+0.062; esm_fraction_disruptive=+0.053,am_max=-0.007; af_rg_median_log10=-0.003; delta_n_neg=-0.003
P48634_1151_1179,5,0.96,esm_std=+0.059; esm_min=+0.055; esm_fraction_disruptive=+0.053,af_median_log10_indel=-0.014; af_frac_singleton_indel=-0.006; gc3=-0.003
P49716_179_195,5,0.96,esm_std=+0.065; esm_min=+0.064; esm_fraction_disruptive=+0.056,gc3=-0.025; codon_G_GGT=-0.007; gc=-0.006
Q9BUJ2_174_187,5,0.96,esm_std=+0.058; esm_min=+0.054; esm_fraction_disruptive=+0.048,codon_G_GGG=-0.014; region_length=-0.009; codon_G_GGT=-0.007
Q9NQV6_384_400,5,0.96,esm_min=+0.056; esm_std=+0.052; esm_fraction_disruptive=+0.051,delta_ncpr=-0.011; fraction_LoF=-0.011; density_LoF=-0.010
Q9NR30_740_761,5,0.96,esm_min=+0.071; esm_fraction_disruptive=+0.059; esm_std=+0.059,codon_P_CCG=-0.006; af_log2ratio_lof_syn_count=-0.005; am_max=-0.005
P17844_5_20,5,0.9566666666666667,esm_std=+0.056; esm_fraction_disruptive=+0.055; af_am_score_weighted_by_rarity=+0.039,cpg_frac=-0.012; region_length=-0.007; codon_G_GGA=-0.004
P61978_291_306,5,0.9566666666666667,esm_std=+0.063; esm_fraction_disruptive=+0.059; esm_min=+0.058,delta_ncpr=-0.013; wt_aromaticity=-0.008; region_length=-0.007
Q12888_1396_1412,5,0.9566666666666667,esm_min=+0.073; esm_std=+0.070; esm_fraction_disruptive=+0.065,codon_G_GGG=-0.021; codon_G_GGT=-0.008; af_log2ratio_lof_syn_count=-0.006
Q14152_1015_1032,5,0.9566666666666667,esm_std=+0.055; esm_min=+0.054; esm_fraction_disruptive=+0.049,codon_G_GGT=-0.007; fraction_missense=-0.005; codon_L_CTG=-0.004
Q9H307_631_644,5,0.9566666666666667,esm_std=+0.055; esm_min=+0.052; esm_fraction_disruptive=+0.049,delta_ncpr=-0.011; region_length=-0.008; codon_G_GGT=-0.007
Q9Y2W1_892_914,5,0.9566666666666667,esm_min=+0.058; esm_std=+0.053; esm_fraction_disruptive=+0.043,af_frac_singleton_mis=-0.014; gc3=-0.010; codon_R_CGG=-0.007
Q07955_88_115,5,0.9533333333333334,esm_std=+0.070; esm_min=+0.069; esm_fraction_disruptive=+0.060,cpg_frac=-0.008; am_max=-0.007; fraction_missense=-0.006
Q32P51_189_212,5,0.9533333333333334,esm_min=+0.066; esm_std=+0.064; esm_fraction_disruptive=+0.060,wt_kappa=-0.018; am_std=-0.006; am_max=-0.005
Q9NR30_718_741,5,0.9533333333333334,esm_min=+0.080; esm_std=+0.064; esm_fraction_disruptive=+0.060,codon_G_GGT=-0.011; af_am_score_weighted_by_rarity=-0.010; am_max=-0.008
Q9UMN6_140_158,5,0.9533333333333334,esm_std=+0.062; esm_fraction_disruptive=+0.057; esm_min=+0.054,codon_A_GCG=-0.027; delta_ncpr=-0.007; cpg_frac=-0.007
Q96E39_341_360,5,0.95,esm_std=+0.069; esm_min=+0.063; esm_fraction_disruptive=+0.051,codon_G_GGG=-0.028; am_max=-0.010; codon_G_GGT=-0.008
Q9P013_8_22,5,0.95,esm_std=+0.051; esm_fraction_disruptive=+0.048; esm_min=+0.046,region_length=-0.008; codon_R_AGG=-0.007; cpg_oe=-0.005
P23588_256_274,5,0.9466666666666667,esm_min=+0.049; esm_std=+0.046; esm_fraction_disruptive=+0.046,af_median_log10_delta_mis_syn=-0.010; codon_G_GGT=-0.008; codon_G_GGC=-0.005
P35637_208_225,5,0.9466666666666667,esm_std=+0.068; esm_min=+0.060; esm_fraction_disruptive=+0.046,wt_kappa=-0.011; af_median_log10_indel=-0.004; codon_R_CGC=-0.004
Q16630_196_210,5,0.9466666666666667,esm_std=+0.057; esm_min=+0.055; esm_fraction_disruptive=+0.054,wt_kappa=-0.019; region_length=-0.008; rg_r_fraction=-0.003
Q8NCA5_330_347,5,0.9466666666666667,esm_fraction_disruptive=+0.051; esm_min=+0.050; esm_std=+0.036,delta_kappa=-0.027; wt_kappa=-0.019; wt_n_pos=-0.004
Q92766_1148_1163,5,0.9466666666666667,esm_min=+0.078; esm_std=+0.071; esm_fraction_disruptive=+0.068,delta_ncpr=-0.013; gc3=-0.012; codon_G_GGT=-0.008
Q96QC0_718_733,5,0.9466666666666667,esm_fraction_disruptive=+0.045; gc3=+0.043; am_std=+0.041,esm_min=-0.028; region_length=-0.007; n_rg_motifs=-0.004
Q9H0L4_391_417,5,0.9466666666666667,esm_std=+0.048; esm_min=+0.043; esm_fraction_disruptive=+0.039,codon_A_GCG=-0.036; wt_aromaticity=-0.007; af_log2ratio_lof_syn_count=-0.004
Q9ULG1_1420_1437,5,0.9466666666666667,esm_min=+0.063; esm_std=+0.058; esm_fraction_disruptive=+0.054,af_rg_median_log10=-0.018; delta_ncpr=-0.008; af_rg_frac_singleton=-0.007
Q9Y4Z0_97_131,5,0.9466666666666667,esm_std=+0.083; esm_min=+0.076; esm_fraction_disruptive=+0.064,density_LoF=-0.014; fraction_LoF=-0.009; esm_median=-0.007
Q9Y5S9_148_167,5,0.9466666666666667,esm_std=+0.059; esm_min=+0.055; esm_fraction_disruptive=+0.052,af_median_log10_mis=-0.007; af_rg_median_log10=-0.004; af_log2ratio_lof_syn_count=-0.004
Q15415_108_126,5,0.9466666666666667,gc3=+0.091; gc=+0.082; wt_aromaticity=+0.038,esm_fraction_disruptive=-0.019; esm_min=-0.016; esm_std=-0.010
Q15056_12_28,5,0.9433333333333334,esm_std=+0.066; esm_min=+0.064; esm_fraction_disruptive=+0.057,wt_kappa=-0.029; gc3=-0.008; codon_R_CGC=-0.005
Q5JVS0_178_204,5,0.9433333333333334,esm_min=+0.072; esm_std=+0.064; esm_fraction_disruptive=+0.061,density_LoF=-0.017; af_log2ratio_lof_syn_count=-0.010; wt_aromaticity=-0.006
Q5VUA4_82_100,5,0.9433333333333334,esm_min=+0.071; esm_fraction_disruptive=+0.065; af_am_score_weighted_by_rarity=+0.048,gc=-0.018; delta_ncpr=-0.011; cpg_frac=-0.009
Q69YN4_1768_1782,5,0.9433333333333334,af_am_score_weighted_by_rarity=+0.056; am_std=+0.052; esm_fraction_disruptive=+0.051,esm_min=-0.019; esm_std=-0.012; region_length=-0.008
Q96AE4_353_368,5,0.9433333333333334,esm_std=+0.048; esm_fraction_disruptive=+0.047; esm_min=+0.047,delta_kappa=-0.027; wt_kappa=-0.018; region_length=-0.009
Q96QC0_862_887,5,0.9433333333333334,esm_min=+0.068; esm_std=+0.065; esm_fraction_disruptive=+0.049,am_std=-0.020; am_max=-0.020; af_am_score_weighted_by_rarity=-0.015
P17096_19_32,5,0.94,esm_std=+0.067; esm_min=+0.059; esm_fraction_disruptive=+0.049,gc3=-0.018; wt_kappa=-0.009; region_length=-0.008
Q9H5H4_239_259,5,0.94,esm_min=+0.086; esm_fraction_disruptive=+0.056; esm_std=+0.032,density_missense=-0.011; gc=-0.006; wt_aromaticity=-0.005
Q04637_676_700,5,0.9366666666666666,esm_std=+0.088; esm_min=+0.080; esm_fraction_disruptive=+0.072,codon_G_GGG=-0.012; wt_aromaticity=-0.008; am_max=-0.007
Q96E39_98_132,5,0.9366666666666666,esm_min=+0.064; esm_std=+0.057; esm_fraction_disruptive=+0.056,am_max=-0.006; am_std=-0.006; af_log2ratio_lof_syn_count=-0.005
Q9H0L4_368_388,5,0.9366666666666666,esm_min=+0.067; am_max=+0.032; esm_median=+0.031,wt_aromaticity=-0.009; codon_R_AGG=-0.009; rg_mean_burden_on_hit_missense=-0.008
P49750_1008_1027,5,0.9333333333333333,esm_std=+0.060; esm_min=+0.058; gc=+0.054,af_am_score_weighted_by_rarity=-0.016; esm_median=-0.015; am_max=-0.013
Q14151_892_910,5,0.9333333333333333,esm_min=+0.076; esm_std=+0.070; esm_fraction_disruptive=+0.061,codon_A_GCG=-0.013; codon_R_CGC=-0.006; af_rg_median_log10=-0.004
Q52LJ0_376_414,5,0.9333333333333333,esm_min=+0.054; esm_fraction_disruptive=+0.049; esm_std=+0.048,density_LoF=-0.009; fraction_LoF=-0.008; af_frac_singleton_lof=-0.007
Q5VWX1_213_236,5,0.9333333333333333,esm_min=+0.073; esm_std=+0.073; esm_fraction_disruptive=+0.063,codon_A_GCG=-0.022; density_missense=-0.007; wt_aromaticity=-0.007
Q9H2U1_39_56,5,0.9333333333333333,esm_std=+0.073; esm_min=+0.072; esm_fraction_disruptive=+0.062,gc=-0.022; density_synonymous=-0.010; delta_kappa=-0.010
P33240_360_380,5,0.93,esm_min=+0.059; esm_fraction_disruptive=+0.054; esm_std=+0.053,wt_aromaticity=-0.008; codon_G_GGT=-0.007; codon_R_AGG=-0.007
Q5VWX1_235_254,5,0.93,esm_std=+0.080; esm_min=+0.076; esm_fraction_disruptive=+0.074,af_median_log10_lof=-0.011; codon_G_GGG=-0.011; wt_aromaticity=-0.009
Q8NEZ4_892_912,5,0.93,esm_std=+0.057; esm_min=+0.053; esm_fraction_disruptive=+0.050,delta_ncpr=-0.016; delta_kappa=-0.015; wt_aromaticity=-0.009
Q9NZM5_34_51,5,0.93,esm_min=+0.064; af_am_score_weighted_by_rarity=+0.057; am_std=+0.047,esm_std=-0.025; delta_ncpr=-0.016; gc3=-0.010
P38159_139_157,5,0.9266666666666666,esm_std=+0.050; esm_fraction_disruptive=+0.043; gc3=+0.037,esm_median=-0.018; wt_aromaticity=-0.012; codon_G_GGT=-0.007
Q04637_1161_1176,5,0.9266666666666666,esm_min=+0.070; esm_std=+0.061; esm_fraction_disruptive=+0.056,codon_G_GGG=-0.026; codon_G_GGT=-0.007; am_max=-0.007
Q13595_235_249,5,0.9266666666666666,esm_std=+0.048; esm_min=+0.047; esm_fraction_disruptive=+0.044,af_log2ratio_lof_syn_count=-0.016; codon_G_GGG=-0.012; codon_G_GGT=-0.011
Q69YN4_1617_1633,5,0.9266666666666666,esm_std=+0.040; esm_min=+0.039; af_am_score_weighted_by_rarity=+0.037,wt_kappa=-0.019; esm_median=-0.016; codon_R_AGG=-0.010
Q92945_405_421,5,0.9266666666666666,esm_std=+0.075; esm_min=+0.067; esm_fraction_disruptive=+0.061,wt_kappa=-0.023; am_max=-0.007; fraction_missense=-0.005
Q96T37_54_73,5,0.9266666666666666,esm_std=+0.076; af_am_score_weighted_by_rarity=+0.051; am_std=+0.049,esm_min=-0.026; esm_median=-0.017; delta_ncpr=-0.010
O60828_121_139,5,0.9233333333333333,esm_min=+0.078; esm_fraction_disruptive=+0.053; esm_std=+0.034,gc3=-0.011; codon_G_GGT=-0.010; am_max=-0.008
P08621_375_400,5,0.9233333333333333,esm_min=+0.071; esm_std=+0.066; esm_fraction_disruptive=+0.057,variant_density=-0.012; density_synonymous=-0.011; gc3=-0.010
P12270_2331_2363,5,0.9233333333333333,gc=+0.049; gc3=+0.045; af_am_score_weighted_by_rarity=+0.038,esm_fraction_disruptive=-0.034; esm_median=-0.029; esm_std=-0.010
P49750_1098_1117,5,0.92,esm_min=+0.087; esm_std=+0.082; esm_fraction_disruptive=+0.071,density_LoF=-0.011; rg_mean_burden_on_hit_LoF=-0.010; am_std=-0.008
Q01844_626_643,5,0.92,esm_std=+0.051; esm_min=+0.050; esm_fraction_disruptive=+0.041,wt_kappa=-0.015; codon_G_GGT=-0.012; wt_aromaticity=-0.009
Q96QC0_683_700,5,0.92,esm_min=+0.071; esm_fraction_disruptive=+0.068; af_am_score_weighted_by_rarity=+0.047,esm_std=-0.014; density_LoF=-0.009; wt_aromaticity=-0.008
Q9UQ35_546_565,5,0.92,esm_min=+0.065; esm_std=+0.065; esm_fraction_disruptive=+0.052,codon_G_GGG=-0.014; delta_ncpr=-0.012; codon_G_GGT=-0.012
O75526_89_131,5,0.9166666666666666,esm_min=+0.073; esm_std=+0.069; esm_fraction_disruptive=+0.061,cpg_frac=-0.015; gc=-0.014; gc3=-0.011
P49750_1034_1053,5,0.9166666666666666,esm_min=+0.071; esm_std=+0.036; gc=+0.035,esm_fraction_disruptive=-0.027; wt_aromaticity=-0.010; wt_hydropathy=-0.008
Q5TGY3_1267_1282,5,0.9166666666666666,esm_fraction_disruptive=+0.069; esm_min=+0.068; esm_std=+0.065,gc=-0.018; delta_ncpr=-0.016; gc3=-0.007
Q69YN4_1729_1755,5,0.9166666666666666,esm_std=+0.054; gc=+0.042; gc3=+0.038,esm_fraction_disruptive=-0.031; esm_median=-0.028; codon_G_GGT=-0.010
O60885_174_187,5,0.9133333333333333,esm_min=+0.067; esm_std=+0.059; esm_fraction_disruptive=+0.059,region_length=-0.014; delta_ncpr=-0.013; delta_aromaticity=-0.011
P38159_98_132,5,0.9133333333333333,esm_std=+0.058; esm_min=+0.055; esm_fraction_disruptive=+0.048,af_am_score_weighted_by_rarity=-0.032; am_max=-0.016; am_std=-0.015
Q2NL82_17_30,5,0.9133333333333333,esm_std=+0.075; esm_min=+0.074; esm_fraction_disruptive=+0.069,region_length=-0.014; codon_R_CGG=-0.010; af_median_log10_lof=-0.006
Q6ZNB6_6_22,5,0.91,esm_min=+0.075; esm_fraction_disruptive=+0.068; am_max=+0.043,gc=-0.015; density_LoF=-0.011; variant_density=-0.008
Q96MU7_714_727,5,0.91,esm_min=+0.050; esm_fraction_disruptive=+0.050; esm_std=+0.044,codon_G_GGG=-0.016; region_length=-0.013; delta_ncpr=-0.013
Q96QC0_700_717,5,0.91,esm_std=+0.049; gc3=+0.047; am_std=+0.040,wt_kappa=-0.026; esm_min=-0.021; delta_kappa=-0.020
Q9UBB5_49_100,5,0.91,esm_min=+0.069; esm_std=+0.066; esm_fraction_disruptive=+0.055,gc=-0.024; codon_A_GCG=-0.015; gc3=-0.011
O43290_54_74,5,0.9066666666666666,esm_min=+0.069; esm_std=+0.067; esm_fraction_disruptive=+0.057,codon_G_GGG=-0.037; gc3=-0.016; gc=-0.014
Q8N7X1_808_828,5,0.9066666666666666,af_am_score_weighted_by_rarity=+0.034; esm_median=+0.033; delta_n_neg=+0.025,esm_min=-0.017; esm_std=-0.012; gc3=-0.012
Q9HCE5_403_431,5,0.9066666666666666,esm_std=+0.046; gc=+0.043; af_am_score_weighted_by_rarity=+0.036,esm_fraction_disruptive=-0.025; esm_min=-0.018; af_log2ratio_lof_syn_count=-0.009
Q9UIF9_664_677,5,0.9066666666666666,esm_min=+0.079; esm_fraction_disruptive=+0.070; af_am_score_weighted_by_rarity=+0.050,esm_std=-0.021; region_length=-0.011; af_log2ratio_lof_syn_count=-0.011
O15523_82_104,5,0.9033333333333333,gc3=+0.048; gc=+0.047; esm_fraction_disruptive=+0.038,esm_std=-0.024; am_max=-0.021; af_am_score_weighted_by_rarity=-0.015
Q8WYB5_364_380,5,0.9033333333333333,gc=+0.060; gc3=+0.044; af_am_score_weighted_by_rarity=+0.041,esm_fraction_disruptive=-0.032; esm_min=-0.025; esm_median=-0.020
Q9UQ35_2712_2730,5,0.9033333333333333,esm_min=+0.086; esm_std=+0.081; esm_fraction_disruptive=+0.050,gc3=-0.016; wt_aromaticity=-0.008; codon_G_GGA=-0.006
Q9Y4Z0_84_97,5,0.9033333333333333,esm_min=+0.083; esm_std=+0.081; esm_fraction_disruptive=+0.068,gc3=-0.020; region_length=-0.012; density_synonymous=-0.010
Q96E39_139_157,5,0.8966666666666666,gc3=+0.054; esm_min=+0.045; esm_fraction_disruptive=+0.044,codon_G_GGT=-0.013; wt_aromaticity=-0.011; am_max=-0.010
Q9BU76_1_17,5,0.8966666666666666,esm_std=+0.075; esm_min=+0.064; esm_fraction_disruptive=+0.059,density_LoF=-0.024; wt_kappa=-0.015; gc3=-0.013
Q9Y2W1_499_519,5,0.8966666666666666,am_std=+0.057; af_am_score_weighted_by_rarity=+0.056; am_max=+0.040,esm_fraction_disruptive=-0.039; esm_std=-0.035; esm_median=-0.027
O00267_691_703,5,0.8933333333333333,esm_min=+0.070; esm_fraction_disruptive=+0.061; af_am_score_weighted_by_rarity=+0.042,region_length=-0.018; gc3=-0.016; wt_kappa=-0.014
Q96E39_363_378,5,0.8933333333333333,esm_fraction_disruptive=+0.072; esm_min=+0.069; gc3=+0.050,am_max=-0.013; am_std=-0.010; region_length=-0.009
P52926_22_35,5,0.89,esm_std=+0.073; esm_min=+0.066; esm_fraction_disruptive=+0.056,codon_A_GCG=-0.030; region_length=-0.010; codon_G_GGT=-0.008
Q9Y5B9_1024_1039,5,0.89,esm_std=+0.091; esm_min=+0.090; esm_fraction_disruptive=+0.071,region_length=-0.012; wt_aromaticity=-0.011; af_am_score_weighted_by_rarity=-0.010
O43823_175_196,5,0.8866666666666667,esm_std=+0.063; esm_min=+0.056; am_max=+0.026,gc3=-0.016; gc=-0.008; esm_fraction_disruptive=-0.008
O75526_285_302,5,0.8866666666666667,esm_std=+0.099; esm_min=+0.066; esm_fraction_disruptive=+0.027,density_synonymous=-0.012; af_am_score_weighted_by_rarity=-0.008; cpg_frac=-0.006
Q71RC2_438_456,5,0.8866666666666667,esm_std=+0.057; esm_fraction_disruptive=+0.039; gc=+0.036,esm_median=-0.027; density_LoF=-0.017; wt_kappa=-0.009
Q9H7E2_333_350,5,0.8866666666666667,gc3=+0.048; esm_fraction_disruptive=+0.048; gc=+0.041,esm_min=-0.022; density_missense=-0.009; delta_kappa=-0.009
Q9UN86_300_317,5,0.8866666666666667,gc=+0.067; gc3=+0.054; am_std=+0.048,esm_fraction_disruptive=-0.028; esm_std=-0.025; esm_min=-0.019
P42696_39_56,5,0.8833333333333333,esm_std=+0.084; codon_G_GGT=+0.039; wt_aromaticity=+0.029,esm_fraction_disruptive=-0.029; esm_median=-0.020; af_am_score_weighted_by_rarity=-0.020
Q14151_830_849,5,0.8833333333333333,esm_min=+0.079; esm_fraction_disruptive=+0.068; esm_median=+0.039,esm_std=-0.020; density_LoF=-0.012; gc3=-0.011
Q5BKZ1_167_181,5,0.8833333333333333,esm_std=+0.053; am_std=+0.050; esm_fraction_disruptive=+0.049,wt_kappa=-0.024; esm_median=-0.022; esm_min=-0.021
Q8TAD8_60_77,5,0.8833333333333333,esm_std=+0.097; esm_min=+0.087; esm_fraction_disruptive=+0.061,af_am_score_weighted_by_rarity=-0.042; am_max=-0.029; am_std=-0.025
Q9NZR4_19_35,5,0.88,esm_std=+0.072; esm_fraction_disruptive=+0.069; esm_min=+0.061,wt_kappa=-0.024; delta_kappa=-0.017; gc3=-0.015
P48634_1056_1073,5,0.8766666666666667,esm_min=+0.060; gc3=+0.043; am_std=+0.039,esm_fraction_disruptive=-0.039; density_LoF=-0.016; af_log2ratio_lof_syn_count=-0.006
P78332_231_244,5,0.8766666666666667,gc=+0.096; gc3=+0.070; codon_G_GGT=+0.049,esm_fraction_disruptive=-0.024; esm_std=-0.018; region_length=-0.013
Q5T200_570_585,5,0.8766666666666667,gc=+0.070; gc3=+0.052; af_am_score_weighted_by_rarity=+0.042,esm_fraction_disruptive=-0.035; esm_min=-0.024; wt_aromaticity=-0.012
Q13342_543_558,5,0.8733333333333333,esm_std=+0.084; esm_min=+0.070; esm_fraction_disruptive=+0.060,am_max=-0.022; delta_ncpr=-0.013; am_std=-0.010
Q9BRL6_101_117,5,0.8733333333333333,esm_min=+0.092; esm_std=+0.087; esm_fraction_disruptive=+0.075,gc3=-0.013; gc=-0.013; density_missense=-0.010
Q9NWH9_928_947,5,0.8733333333333333,esm_std=+0.053; gc=+0.030; af_am_score_weighted_by_rarity=+0.029,esm_fraction_disruptive=-0.028; esm_min=-0.024; esm_median=-0.022
A0A1W2PRP0_127_146,5,0.87,esm_std=+0.071; esm_min=+0.067; esm_fraction_disruptive=+0.062,gc3=-0.019; density_LoF=-0.017; gc=-0.015
P58340_44_61,5,0.87,gc=+0.075; gc3=+0.066; codon_G_GGT=+0.041,af_am_score_weighted_by_rarity=-0.040; esm_median=-0.021; esm_fraction_disruptive=-0.018
Q5TGY3_721_734,5,0.87,esm_std=+0.075; esm_fraction_disruptive=+0.066; esm_min=+0.062,wt_kappa=-0.026; codon_G_GGG=-0.021; delta_kappa=-0.016
Q9UMN6_86_111,5,0.87,esm_std=+0.083; region_length=+0.040; density_LoF=+0.021,gc=-0.023; esm_fraction_disruptive=-0.023; esm_min=-0.021
P79522_55_72,5,0.8666666666666667,gc3=+0.066; gc=+0.056; am_max=+0.045,esm_fraction_disruptive=-0.034; esm_std=-0.024; esm_min=-0.021
Q01804_1087_1103,5,0.8666666666666667,gc=+0.081; am_std=+0.048; gc3=+0.047,esm_std=-0.035; esm_fraction_disruptive=-0.030; esm_median=-0.023
Q12830_39_54,5,0.8666666666666667,am_std=+0.069; af_am_score_weighted_by_rarity=+0.068; am_max=+0.047,esm_fraction_disruptive=-0.026; esm_min=-0.024; esm_std=-0.022
Q14004_1499_1512,5,0.8666666666666667,af_am_score_weighted_by_rarity=+0.047; am_max=+0.029; am_std=+0.028,esm_median=-0.015; wt_kappa=-0.014; delta_kappa=-0.013
Q8NC51_347_375,5,0.8633333333333333,region_length=+0.039; af_log2ratio_lof_syn_count=+0.024; gc3=+0.023,esm_fraction_disruptive=-0.031; esm_min=-0.022; esm_std=-0.016
A2AJT9_93_109,5,0.86,gc=+0.093; gc3=+0.042; wt_aromaticity=+0.039,esm_std=-0.040; esm_min=-0.028; esm_fraction_disruptive=-0.026
P05423_90_103,5,0.8566666666666667,esm_std=+0.076; esm_fraction_disruptive=+0.063; af_am_score_weighted_by_rarity=+0.043,rg_fraction_rgs_hit_LoF=-0.018; density_LoF=-0.012; codon_G_GGT=-0.012
Q12872_893_912,5,0.8566666666666667,esm_std=+0.089; esm_min=+0.086; esm_fraction_disruptive=+0.034,af_log2ratio_lof_syn_count=-0.020; am_max=-0.012; fraction_LoF=-0.009
Q5VWX1_199_213,5,0.8566666666666667,esm_std=+0.076; esm_min=+0.071; esm_fraction_disruptive=+0.058,wt_kappa=-0.030; delta_kappa=-0.017; region_length=-0.011
Q9UMN6_12_42,5,0.8533333333333334,af_am_score_weighted_by_rarity=+0.053; am_std=+0.039; am_max=+0.035,esm_fraction_disruptive=-0.030; esm_min=-0.028; esm_std=-0.023
P61978_251_265,5,0.85,esm_fraction_disruptive=+0.058; gc=+0.057; codon_G_GGT=+0.037,esm_std=-0.044; esm_min=-0.022; delta_ncpr=-0.014
Q9Y3X0_116_141,5,0.85,esm_min=+0.070; esm_std=+0.042; region_length=+0.035,esm_fraction_disruptive=-0.032; af_am_score_weighted_by_rarity=-0.016; am_std=-0.009
Q92620_287_300,5,0.84,am_std=+0.060; af_am_score_weighted_by_rarity=+0.059; am_max=+0.049,esm_fraction_disruptive=-0.034; esm_min=-0.021; esm_std=-0.021
Q9P1Z0_254_269,5,0.84,esm_min=+0.086; esm_median=+0.029; codon_S_TCT=+0.028,esm_fraction_disruptive=-0.025; codon_G_GGG=-0.018; af_am_score_weighted_by_rarity=-0.018
Q9Y520_275_289,5,0.84,gc3=+0.060; gc=+0.058; am_std=+0.049,esm_fraction_disruptive=-0.033; esm_median=-0.026; esm_min=-0.020
A6NHQ2_3_34,5,0.8366666666666667,esm_fraction_disruptive=+0.058; esm_min=+0.051; region_length=+0.034,gc=-0.021; af_log2ratio_lof_syn_count=-0.013; gc3=-0.012
Q8IY92_389_405,5,0.8366666666666667,esm_min=+0.070; gc=+0.063; codon_G_GGT=+0.031,esm_median=-0.029; esm_fraction_disruptive=-0.028; af_am_score_weighted_by_rarity=-0.019
Q15427_410_424,5,0.8333333333333334,esm_min=+0.080; esm_fraction_disruptive=+0.073; gc3=+0.045,density_LoF=-0.014; region_length=-0.013; am_max=-0.009
Q12830_1_11,5,0.83,esm_fraction_disruptive=+0.069; af_am_score_weighted_by_rarity=+0.055; am_max=+0.039,esm_std=-0.040; am_std=-0.025; esm_min=-0.020
A6NHQ2_50_88,5,0.8266666666666667,esm_fraction_disruptive=+0.057; region_length=+0.048; wt_aromaticity=+0.021,gc3=-0.025; gc=-0.018; codon_A_GCG=-0.013
Q71RC2_674_692,5,0.8266666666666667,gc=+0.079; am_std=+0.031; codon_S_TCT=+0.030,esm_std=-0.048; esm_min=-0.033; esm_fraction_disruptive=-0.028
Q15424_865_882,5,0.8233333333333334,wt_aromaticity=+0.030; density_LoF=+0.019; codon_R_CGA=+0.018,esm_min=-0.025; esm_fraction_disruptive=-0.018; esm_std=-0.011
Q5VUA4_101_117,5,0.8233333333333334,am_std=+0.066; af_am_score_weighted_by_rarity=+0.061; am_max=+0.044,esm_fraction_disruptive=-0.037; esm_std=-0.031; esm_median=-0.023
Q15020_613_629,5,0.82,gc=+0.078; af_rg_vs_nonrg_log10_delta_mis=+0.025; delta_n_neg=+0.022,af_am_score_weighted_by_rarity=-0.035; esm_std=-0.018; esm_min=-0.017
O60281_1342_1355,5,0.8166666666666667,gc=+0.063; af_am_score_weighted_by_rarity=+0.059; am_max=+0.042,esm_fraction_disruptive=-0.037; esm_std=-0.032; esm_median=-0.030
Q9NQI0_120_137,5,0.8166666666666667,gc=+0.112; gc3=+0.055; af_rg_vs_nonrg_log10_delta_mis=+0.037,esm_fraction_disruptive=-0.036; esm_min=-0.031; esm_median=-0.029
Q9NRR4_11_29,5,0.8166666666666667,am_max=+0.042; af_am_score_weighted_by_rarity=+0.036; gc3=+0.031,esm_fraction_disruptive=-0.036; esm_std=-0.027; esm_min=-0.024
O75526_343_362,5,0.8133333333333334,esm_std=+0.101; wt_kappa=+0.030; codon_S_TCT=+0.021,esm_fraction_disruptive=-0.027; esm_median=-0.026; esm_min=-0.024
Q12830_87_102,5,0.8133333333333334,esm_std=+0.078; af_am_score_weighted_by_rarity=+0.050; am_std=+0.047,esm_min=-0.019; gc3=-0.014; gc=-0.013
Q9UJV8_2_22,5,0.8133333333333334,region_length=+0.027; density_LoF=+0.025; af_log2ratio_lof_syn_count=+0.022,esm_fraction_disruptive=-0.035; esm_min=-0.027; esm_std=-0.019
O15047_1222_1242,5,0.8066666666666666,wt_n_neg=+0.035; region_length=+0.029; codon_L_CTC=+0.023,esm_fraction_disruptive=-0.034; esm_min=-0.030; esm_std=-0.026
P23246_231_249,5,0.8066666666666666,esm_std=+0.089; esm_min=+0.088; codon_R_CGA=+0.015,esm_median=-0.021; gc3=-0.019; gc=-0.018
Q8N8E2_101_118,5,0.8066666666666666,codon_G_GGT=+0.045; delta_n_neg=+0.044; delta_ncpr=+0.033,esm_fraction_disruptive=-0.027; esm_std=-0.026; esm_min=-0.022
Q9H074_8_28,5,0.8066666666666666,am_std=+0.059; af_am_score_weighted_by_rarity=+0.054; am_max=+0.040,esm_fraction_disruptive=-0.033; esm_min=-0.024; esm_std=-0.020
Q9NQ55_445_471,5,0.8066666666666666,esm_min=+0.082; esm_fraction_disruptive=+0.039; region_length=+0.031,af_am_score_weighted_by_rarity=-0.038; am_max=-0.033; am_std=-0.025
Q15270_203_229,5,0.8033333333333333,region_length=+0.035; delta_ncpr=+0.028; af_frac_rare_delta_mis_syn=+0.024,esm_std=-0.037; esm_min=-0.036; esm_fraction_disruptive=-0.025
Q08170_309_325,5,0.8,esm_std=+0.099; delta_n_neg=+0.041; delta_ncpr=+0.030,af_am_score_weighted_by_rarity=-0.037; esm_fraction_disruptive=-0.025; am_max=-0.024
Q8N1G1_255_269,5,0.8,esm_min=+0.099; wt_aromaticity=+0.030; density_LoF=+0.022,esm_fraction_disruptive=-0.032; gc3=-0.020; esm_std=-0.017
Q9NQ55_421_434,5,0.8,esm_std=+0.062; codon_G_GGT=+0.041; delta_n_neg=+0.029,af_am_score_weighted_by_rarity=-0.030; esm_fraction_disruptive=-0.021; am_max=-0.017
O43290_435_448,5,0.7933333333333333,am_std=+0.060; af_am_score_weighted_by_rarity=+0.059; am_max=+0.046,esm_min=-0.028; esm_std=-0.021; delta_ncpr=-0.015
P79522_78_94,5,0.7933333333333333,gc3=+0.053; codon_S_TCT=+0.043; wt_aromaticity=+0.031,esm_min=-0.032; esm_fraction_disruptive=-0.031; esm_std=-0.029
Q6NZI2_350_368,5,0.7933333333333333,delta_n_neg=+0.052; wt_n_neg=+0.041; delta_ncpr=+0.040,esm_fraction_disruptive=-0.024; esm_std=-0.022; esm_min=-0.019
Q8N7X1_271_291,5,0.7933333333333333,af_am_score_weighted_by_rarity=+0.044; wt_aromaticity=+0.029; wt_n_neg=+0.027,esm_std=-0.047; esm_fraction_disruptive=-0.039; esm_min=-0.031
Q5JSZ5_1104_1116,5,0.79,esm_std=+0.086; esm_min=+0.076; esm_fraction_disruptive=+0.034,codon_A_GCG=-0.023; region_length=-0.021; delta_kappa=-0.015
Q12906_639_664,5,0.7833333333333333,rg_fraction=+0.052; n_rg_motifs=+0.044; codon_R_CGA=+0.036,esm_fraction_disruptive=-0.030; esm_min=-0.028; esm_std=-0.021
Q9Y5W3_137_151,5,0.78,af_am_score_weighted_by_rarity=+0.077; af_frac_rare_delta_mis_syn=+0.054; af_median_log10_mis=+0.021,esm_fraction_disruptive=-0.035; esm_std=-0.029; esm_min=-0.021
Q15696_430_443,5,0.7733333333333333,esm_min=+0.083; esm_fraction_disruptive=+0.071; esm_median=+0.038,gc3=-0.028; esm_std=-0.026; am_std=-0.023
Q9HCM7_44_61,5,0.7733333333333333,af_rg_vs_nonrg_log10_delta_mis=+0.027; esm_median=+0.024; codon_R_CGA=+0.024,esm_std=-0.031; esm_min=-0.024; esm_fraction_disruptive=-0.023
Q01081_204_218,5,0.7733333333333333,gc3=+0.087; codon_S_TCT=+0.070; codon_G_GGT=+0.059,esm_fraction_disruptive=-0.030; esm_min=-0.028; esm_std=-0.020
O76021_343_356,5,0.77,gc=+0.102; gc3=+0.071; af_median_log10_lof=+0.023,af_am_score_weighted_by_rarity=-0.030; am_max=-0.023; esm_fraction_disruptive=-0.021
Q5C9Z4_20_38,5,0.77,esm_std=+0.074; n_g_hits_disrupting=+0.018; esm_n_annotated=+0.014,esm_min=-0.029; esm_fraction_disruptive=-0.028; am_std=-0.012
P56182_418_434,5,0.7666666666666667,af_rg_vs_nonrg_log10_delta_mis=+0.042; rg_fraction=+0.027; n_g_hits_disrupting=+0.023,esm_std=-0.032; af_am_score_weighted_by_rarity=-0.027; esm_min=-0.026
Q8TDD1_786_808,5,0.7666666666666667,delta_n_neg=+0.037; region_length=+0.034; codon_S_TCT=+0.030,af_am_score_weighted_by_rarity=-0.040; esm_fraction_disruptive=-0.027; am_max=-0.026
A7MD48_349_365,5,0.7633333333333333,af_rg_vs_nonrg_log10_delta_mis=+0.039; wt_aromaticity=+0.034; cpg_frac=+0.023,esm_std=-0.042; esm_fraction_disruptive=-0.030; esm_median=-0.026
Q7L2J0_39_55,5,0.76,codon_S_TCT=+0.055; af_rg_vs_nonrg_log10_delta_mis=+0.036; codon_R_CGT=+0.034,esm_std=-0.037; esm_min=-0.033; af_am_score_weighted_by_rarity=-0.029
Q6ZUT6_460_478,5,0.74,codon_A_GCA=+0.038; wt_kappa=+0.022; esm_median=+0.020,esm_min=-0.042; esm_std=-0.038; esm_fraction_disruptive=-0.028
Q8TDD1_25_43,5,0.74,esm_min=+0.025; codon_L_CTC=+0.023; n_variants_total=+0.017,af_am_score_weighted_by_rarity=-0.021; esm_fraction_disruptive=-0.019; gc3=-0.013
Q96L73_1069_1086,5,0.74,gc3=+0.077; gc=+0.030; codon_A_GCA=+0.021,esm_std=-0.046; esm_min=-0.040; af_am_score_weighted_by_rarity=-0.039
P20290_8_26,5,0.7366666666666667,codon_S_TCT=+0.067; af_rg_vs_nonrg_log10_delta_mis=+0.025; codon_R_CGA=+0.022,esm_min=-0.031; esm_fraction_disruptive=-0.029; esm_std=-0.024
Q15654_231_245,5,0.7366666666666667,codon_S_TCT=+0.048; codon_A_GCA=+0.034; gc3=+0.029,esm_std=-0.031; esm_min=-0.025; esm_median=-0.020
Q8N5A5_374_387,5,0.7366666666666667,af_rg_vs_nonrg_log10_delta_mis=+0.042; wt_kappa=+0.026; delta_fraction_proline=+0.025,esm_fraction_disruptive=-0.022; gc3=-0.020; esm_min=-0.016
Q8IY81_629_646,5,0.73,codon_G_GGT=+0.047; n_g_hits_disrupting=+0.025; gc=+0.020,af_am_score_weighted_by_rarity=-0.032; esm_fraction_disruptive=-0.024; esm_min=-0.019
O43638_118_137,5,0.7266666666666667,af_frac_rare_delta_mis_syn=+0.043; codon_L_CTC=+0.021; af_frac_singleton_syn=+0.020,esm_std=-0.041; af_am_score_weighted_by_rarity=-0.027; esm_fraction_disruptive=-0.027
O95948_67_85,5,0.7266666666666667,wt_fcr=+0.031; af_rg_vs_nonrg_log10_delta_mis=+0.027; delta_fraction_proline=+0.022,esm_std=-0.036; esm_min=-0.035; esm_fraction_disruptive=-0.030
Q8IY92_1221_1238,5,0.7233333333333334,codon_S_TCT=+0.062; af_median_log10_lof=+0.032; wt_aromaticity=+0.031,esm_std=-0.031; esm_fraction_disruptive=-0.027; af_am_score_weighted_by_rarity=-0.026
P20290_30_44,5,0.72,codon_S_TCT=+0.064; gc3=+0.045; af_rg_vs_nonrg_log10_delta_mis=+0.021,esm_std=-0.041; esm_fraction_disruptive=-0.027; af_am_score_weighted_by_rarity=-0.026
Q15654_174_192,5,0.7166666666666667,codon_S_TCT=+0.067; af_median_log10_syn=+0.025; af_median_log10_delta_mis_syn=+0.017,esm_std=-0.041; esm_fraction_disruptive=-0.031; esm_min=-0.029
Q9Y2V3_50_64,5,0.71,delta_n_neg=+0.046; am_max=+0.028; wt_kappa=+0.025,esm_fraction_disruptive=-0.034; esm_min=-0.028; esm_median=-0.021
Q07666_40_59,5,0.7066666666666667,fraction_synonymous=+0.027; region_length=+0.022; wt_kappa=+0.020,esm_fraction_disruptive=-0.034; esm_std=-0.029; esm_min=-0.027
Q92908_43_58,5,0.7066666666666667,delta_ncpr=+0.020; af_rg_vs_nonrg_log10_delta_mis=+0.016; af_rg_n_variants=+0.013,esm_fraction_disruptive=-0.018; gc3=-0.013; af_am_score_weighted_by_rarity=-0.012
Q9UBX2_11_24,5,0.7066666666666667,codon_G_GGA=+0.066; codon_L_CTC=+0.030; wt_fcr=+0.030,esm_min=-0.032; esm_fraction_disruptive=-0.026; esm_std=-0.019
Q9H147_6_24,5,0.7033333333333334,wt_n_neg=+0.040; wt_kappa=+0.030; delta_ncpr=+0.026,esm_std=-0.039; esm_min=-0.033; esm_fraction_disruptive=-0.029
P56645_1_18,5,0.7,delta_n_neg=+0.047; delta_ncpr=+0.031; af_median_log10_mis=+0.027,esm_std=-0.040; esm_fraction_disruptive=-0.027; af_am_score_weighted_by_rarity=-0.025
Q92541_26_43,5,0.7,codon_S_AGT=+0.029; af_rg_n_variants=+0.022; rg_mean_burden_on_hit_missense=+0.019,esm_fraction_disruptive=-0.038; esm_min=-0.036; esm_std=-0.027
Q7RTV3_102_115,5,0.6966666666666667,af_frac_rare_delta_mis_syn=+0.036; delta_ncpr=+0.031; codon_R_CGT=+0.020,esm_std=-0.032; esm_fraction_disruptive=-0.027; esm_min=-0.025
Q66PJ3_12_25,5,0.6933333333333334,af_rg_vs_nonrg_log10_delta_mis=+0.041; wt_fcr=+0.024; af_median_log10_indel=+0.018,esm_std=-0.033; esm_min=-0.028; esm_fraction_disruptive=-0.025
Q8N1G1_182_198,5,0.6933333333333334,codon_G_GGT=+0.063; af_frac_singleton_syn=+0.028; af_frac_rare_delta_mis_syn=+0.023,af_am_score_weighted_by_rarity=-0.034; esm_fraction_disruptive=-0.031; esm_std=-0.031
A6NDY0_229_250,5,0.6933333333333334,codon_A_GCA=+0.056; wt_aromaticity=+0.034; codon_R_CGA=+0.025,esm_min=-0.032; esm_fraction_disruptive=-0.029; esm_std=-0.023
Q9NS37_62_77,5,0.67,density_missense=+0.024; rg_mean_burden_on_hit_missense=+0.020; cpg_oe=+0.016,esm_std=-0.031; esm_min=-0.030; esm_fraction_disruptive=-0.026
P51608_181_194,5,0.6533333333333333,gc3=+0.044; codon_A_GCT=+0.021; codon_G_GGG=+0.019,esm_fraction_disruptive=-0.035; esm_min=-0.034; esm_std=-0.024
Q9BZZ5_495_524,6,0.9933333333333333,esm_fraction_disruptive=+0.047; esm_std=+0.035; esm_min=+0.030,af_rg_vs_nonrg_log10_delta_mis=-0.003; delta_n_neg=-0.002; codon_S_TCT=-0.002
Q9HBE1_259_273,6,0.8133333333333334,esm_std=+0.085; esm_min=+0.070; esm_fraction_disruptive=+0.069,esm_median=-0.043; gc3=-0.015; region_length=-0.014
Q9H6S0_1230_1248,6,0.7533333333333333,gc=+0.092; gc3=+0.086; wt_aromaticity=+0.029,esm_fraction_disruptive=-0.027; esm_min=-0.024; esm_std=-0.021
Q9NZI8_162_180,6,0.74,af_am_score_weighted_by_rarity=+0.043; am_max=+0.036; am_std=+0.030,esm_min=-0.038; esm_std=-0.025; gc3=-0.017
Q9NRL2_737_754,6,0.6466666666666666,gc=+0.079; gc3=+0.074; wt_aromaticity=+0.028,af_am_score_weighted_by_rarity=-0.048; am_max=-0.030; esm_fraction_disruptive=-0.030
P46783_148_165,6,0.6133333333333333,gc3=+0.058; gc=+0.038; wt_aromaticity=+0.031,esm_fraction_disruptive=-0.032; esm_min=-0.030; esm_std=-0.020
P60323_161_181,6,0.61,codon_S_TCT=+0.044; gc3=+0.032; wt_aromaticity=+0.020,esm_min=-0.026; esm_fraction_disruptive=-0.025; esm_std=-0.015
Q12905_1_22,6,0.56,gc3=+0.047; wt_aromaticity=+0.027; rg_fraction=+0.023,esm_fraction_disruptive=-0.039; esm_min=-0.037; esm_std=-0.025
Q9H930_256_271,6,0.5566666666666666,esm_std=+0.065; gc=+0.048; esm_fraction_disruptive=+0.044,af_am_score_weighted_by_rarity=-0.053; am_std=-0.036; am_max=-0.033
Q9NYL2_786_800,6,0.55,gc=+0.091; delta_n_neg=+0.026; wt_aromaticity=+0.026,af_am_score_weighted_by_rarity=-0.041; esm_median=-0.029; esm_fraction_disruptive=-0.027
Q96RJ6_77_89,6,0.55,codon_G_GGT=+0.042; gc=+0.029; delta_n_neg=+0.025,esm_fraction_disruptive=-0.032; esm_min=-0.030; esm_std=-0.028
P62314_93_119,6,0.54,gc3=+0.077; rg_fraction=+0.031; codon_R_AGA=+0.018,esm_fraction_disruptive=-0.038; esm_min=-0.037; esm_std=-0.029
Q6P158_16_31,6,0.5333333333333333,gc3=+0.052; gc=+0.022; codon_S_TCT=+0.018,esm_std=-0.037; esm_fraction_disruptive=-0.036; esm_min=-0.026
O95985_820_841,6,0.53,esm_fraction_disruptive=+0.069; af_am_score_weighted_by_rarity=+0.038; region_length=+0.022,esm_min=-0.038; esm_std=-0.036; am_max=-0.025
Q8NFZ0_44_57,6,0.5066666666666667,gc=+0.104; gc3=+0.067; af_rg_vs_nonrg_log10_delta_mis=+0.023,af_am_score_weighted_by_rarity=-0.043; esm_std=-0.039; esm_fraction_disruptive=-0.037
Q6B0I6_445_459,6,0.5033333333333333,gc3=+0.068; codon_G_GGT=+0.057; codon_R_CGT=+0.013,esm_fraction_disruptive=-0.042; esm_min=-0.035; esm_std=-0.030
A6NGD5_282_301,6,0.49666666666666665,gc=+0.095; gc3=+0.025; codon_R_AGA=+0.022,esm_fraction_disruptive=-0.036; esm_min=-0.033; esm_std=-0.027
O60304_186_205,6,0.47333333333333333,af_rg_vs_nonrg_log10_delta_mis=+0.031; wt_aromaticity=+0.020; af_median_log10_lof=+0.018,esm_std=-0.045; esm_fraction_disruptive=-0.043; esm_min=-0.037
O94776_410_429,6,0.47333333333333333,af_rg_vs_nonrg_log10_delta_mis=+0.026; density_LoF=+0.018; af_median_log10_lof=+0.017,esm_fraction_disruptive=-0.040; esm_std=-0.036; esm_median=-0.035
O15037_241_254,6,0.4633333333333333,codon_G_GGA=+0.037; wt_aromaticity=+0.031; gc3=+0.029,esm_fraction_disruptive=-0.035; esm_min=-0.034; esm_std=-0.027
Q8TC59_36_53,6,0.43666666666666665,wt_aromaticity=+0.035; gc3=+0.034; cpg_frac=+0.022,af_am_score_weighted_by_rarity=-0.058; am_max=-0.039; esm_fraction_disruptive=-0.038
O15037_367_391,6,0.43333333333333335,delta_n_neg=+0.029; wt_n_neg=+0.023; delta_ncpr=+0.021,esm_min=-0.043; esm_fraction_disruptive=-0.036; esm_std=-0.032
Q99575_822_840,6,0.42,codon_S_TCT=+0.029; gc3=+0.027; codon_S_AGT=+0.014,esm_min=-0.038; esm_fraction_disruptive=-0.033; esm_std=-0.031
P16383_57_73,6,0.4166666666666667,esm_std=+0.069; rg_fraction=+0.016; wt_aromaticity=+0.010,esm_fraction_disruptive=-0.036; esm_min=-0.033; codon_A_GCG=-0.023
Q01094_104_117,6,0.4166666666666667,gc3=+0.044; cpg_frac=+0.011; codon_S_AGT=+0.011,esm_min=-0.043; esm_fraction_disruptive=-0.040; esm_std=-0.030
O94983_310_326,6,0.3933333333333333,gc3=+0.054; codon_S_TCT=+0.023; af_median_log10_lof=+0.016,esm_std=-0.069; esm_min=-0.059; esm_fraction_disruptive=-0.049
A4GXA9_11_27,6,0.39,rg_fraction=+0.018; esm_median=+0.016; af_n_indel=+0.012,esm_min=-0.039; esm_fraction_disruptive=-0.033; am_max=-0.032
O15037_389_411,6,0.38,codon_R_CGA=+0.031; wt_aromaticity=+0.027; rg_fraction=+0.017,esm_min=-0.044; esm_fraction_disruptive=-0.042; esm_std=-0.031
Q13895_33_46,6,0.37333333333333335,delta_n_neg=+0.046; delta_ncpr=+0.021; wt_fcr=+0.019,esm_min=-0.038; esm_fraction_disruptive=-0.037; esm_std=-0.034
O00425_164_183,6,0.36333333333333334,af_median_log10_lof=+0.025; n_rg_motifs=+0.013; codon_G_GGT=+0.009,esm_min=-0.045; esm_std=-0.034; codon_G_GGG=-0.031
Q8NAF0_11_41,6,0.36,rg_fraction=+0.047; n_rg_motifs=+0.034; codon_G_GGT=+0.012,esm_fraction_disruptive=-0.042; esm_min=-0.042; esm_std=-0.033
O77932_1_14,6,0.3466666666666667,gc=+0.036; cpg_frac=+0.017; wt_fcr=+0.014,esm_min=-0.038; esm_fraction_disruptive=-0.036; esm_std=-0.033
Q96C55_24_38,6,0.3466666666666667,codon_S_TCT=+0.051; gc3=+0.047; codon_R_CGT=+0.008,esm_min=-0.042; esm_fraction_disruptive=-0.039; esm_std=-0.032
O14746_258_274,6,0.3433333333333333,wt_aromaticity=+0.031; codon_R_CGT=+0.015; density_LoF=+0.013,esm_min=-0.050; af_am_score_weighted_by_rarity=-0.050; esm_fraction_disruptive=-0.046
P15880_16_57,6,0.34,rg_fraction=+0.043; n_rg_motifs=+0.031; wt_aromaticity=+0.022,esm_min=-0.047; esm_fraction_disruptive=-0.043; esm_std=-0.033
Q9NX05_971_983,6,0.3233333333333333,wt_aromaticity=+0.037; codon_G_GGG=+0.014; codon_R_CGA=+0.014,esm_min=-0.041; esm_fraction_disruptive=-0.040; esm_std=-0.033
Q96SQ7_82_103,6,0.31666666666666665,codon_S_TCT=+0.038; af_rg_vs_nonrg_log10_delta_mis=+0.018; density_LoF=+0.014,esm_std=-0.056; esm_min=-0.045; esm_fraction_disruptive=-0.034
Q6IBS0_326_346,6,0.3,codon_L_CTC=+0.024; codon_E_GAG=+0.014; delta_n_neg=+0.010,esm_min=-0.044; esm_fraction_disruptive=-0.040; esm_std=-0.037
Q12789_485_498,6,0.2866666666666667,codon_R_AGA=+0.014; af_median_log10_syn=+0.014; density_LoF=+0.012,esm_std=-0.049; af_am_score_weighted_by_rarity=-0.047; esm_min=-0.035
Q9NXL9_1076_1090,6,0.2733333333333333,codon_G_GGT=+0.043; gc3=+0.018; wt_kappa=+0.017,esm_std=-0.061; esm_fraction_disruptive=-0.046; esm_min=-0.046
Q9NXZ2_42_58,6,0.27,af_median_log10_lof=+0.021; wt_aromaticity=+0.020; codon_S_TCT=+0.018,esm_std=-0.067; esm_min=-0.059; esm_fraction_disruptive=-0.044
Q9UL41_382_409,6,0.2633333333333333,af_frac_rare_delta_mis_syn=+0.034; region_length=+0.026; codon_S_TCT=+0.010,esm_std=-0.045; af_am_score_weighted_by_rarity=-0.042; esm_fraction_disruptive=-0.042
P0C1H6_28_42,6,0.25333333333333335,wt_fcr=+0.020; codon_R_CGA=+0.020; wt_hydropathy=+0.009,esm_min=-0.047; esm_fraction_disruptive=-0.042; esm_std=-0.036
Q15560_86_98,6,0.23,wt_kappa=+0.013; af_median_log10_lof=+0.010; af_log2ratio_lof_syn_count=+0.007,af_am_score_weighted_by_rarity=-0.044; esm_fraction_disruptive=-0.039; esm_median=-0.035
P33991_6_21,6,0.21333333333333335,codon_A_GCC=+0.018; codon_G_GGG=+0.012; codon_G_GGA=+0.010,esm_min=-0.050; esm_fraction_disruptive=-0.039; esm_std=-0.036
Q9P2K8_1_16,6,0.21,density_missense=+0.012; esm_n_annotated=+0.012; fraction_missense=+0.008,esm_std=-0.046; esm_min=-0.045; esm_fraction_disruptive=-0.044
Q96DN6_847_872,6,0.21,n_rg_motifs=+0.008; codon_G_GGT=+0.008; codon_A_GCC=+0.007,esm_min=-0.043; esm_fraction_disruptive=-0.042; esm_std=-0.033
A0A5F9ZHS7_17_30,6,0.21,wt_aromaticity=+0.032; cpg_frac=+0.008; wt_kappa=+0.005,esm_fraction_disruptive=-0.045; esm_min=-0.044; gc3=-0.038
P0C5Z0_3_21,6,0.20666666666666667,codon_S_TCT=+0.026; codon_A_GCT=+0.012; codon_G_GGT=+0.010,esm_min=-0.048; esm_fraction_disruptive=-0.044; esm_std=-0.037
P0C5Y9_3_21,6,0.20666666666666667,codon_S_TCT=+0.026; codon_A_GCT=+0.012; codon_G_GGT=+0.010,esm_min=-0.048; esm_fraction_disruptive=-0.044; esm_std=-0.037
Q9NTG7_46_63,6,0.16666666666666666,af_rg_vs_nonrg_log10_delta_mis=+0.020; af_rg_median_log10=+0.008; n_variants_total=+0.006,esm_std=-0.057; esm_min=-0.044; esm_fraction_disruptive=-0.042
Q01954_3_17,6,0.16666666666666666,codon_A_GCC=+0.009; wt_kappa=+0.007; codon_R_AGG=+0.004,esm_min=-0.043; esm_fraction_disruptive=-0.036; esm_std=-0.033
O95365_492_511,6,0.16666666666666666,delta_hydropathy=+0.009; codon_G_GGG=+0.007; codon_R_AGG=+0.004,esm_min=-0.046; esm_std=-0.035; esm_fraction_disruptive=-0.034
Q9H2A3_50_70,6,0.11666666666666667,delta_ncpr=+0.007; codon_G_GGT=+0.006; wt_fraction_proline=+0.005,esm_min=-0.047; esm_fraction_disruptive=-0.039; esm_std=-0.034
Q86U38_14_29,6,0.1,wt_aromaticity=+0.014; delta_fraction_proline=+0.009; codon_S_TCG=+0.006,esm_std=-0.052; af_am_score_weighted_by_rarity=-0.042; esm_min=-0.041
Q92784_168_183,7,0.3333333333333333,esm_fraction_disruptive=+0.039; esm_min=+0.030; esm_std=+0.028,delta_ncpr=-0.035; af_median_log10_lof=-0.022; codon_G_GGT=-0.022
P20339_190_203,7,0.32,esm_min=+0.033; esm_fraction_disruptive=+0.031; esm_std=+0.027,delta_kappa=-0.050; wt_kappa=-0.041; region_length=-0.028
O00401_300_313,7,0.31,esm_std=+0.031; esm_min=+0.029; esm_fraction_disruptive=+0.023,wt_kappa=-0.062; delta_fraction_proline=-0.041; wt_fraction_proline=-0.030
Q99832_530_543,7,0.30666666666666664,esm_fraction_disruptive=+0.036; esm_std=+0.033; esm_min=+0.032,af_frac_singleton_mis=-0.043; af_rg_median_log10=-0.028; af_rg_frac_singleton=-0.027
Q8WVM7_59_75,7,0.3,gc=+0.044; esm_std=+0.027; gc3=+0.019,esm_median=-0.049; esm_fraction_disruptive=-0.049; delta_kappa=-0.036
Q6PH81_93_106,7,0.29333333333333333,esm_fraction_disruptive=+0.026; esm_std=+0.021; esm_min=+0.018,delta_kappa=-0.040; wt_kappa=-0.034; region_length=-0.024
O00562_581_597,7,0.29,esm_std=+0.057; esm_min=+0.047; esm_fraction_disruptive=+0.042,wt_kappa=-0.056; codon_A_GCG=-0.047; delta_kappa=-0.034
Q8WYH8_120_149,7,0.2833333333333333,esm_min=+0.052; region_length=+0.017; af_am_score_weighted_by_rarity=+0.014,esm_fraction_disruptive=-0.065; esm_median=-0.049; esm_std=-0.040
Q9HBH9_57_73,7,0.2833333333333333,esm_std=+0.035; am_std=+0.023; af_am_score_weighted_by_rarity=+0.022,wt_kappa=-0.044; af_frac_singleton_mis=-0.042; gc3=-0.041
Q9UKV0_126_141,7,0.26666666666666666,gc3=+0.031; gc=+0.022; codon_A_GCA=+0.013,esm_min=-0.038; esm_fraction_disruptive=-0.035; esm_std=-0.034
B2RXH2_434_461,7,0.26,esm_std=+0.015; esm_median=+0.015; codon_G_GGT=+0.012,af_am_score_weighted_by_rarity=-0.057; am_max=-0.050; am_std=-0.040
O94876_112_131,7,0.26,af_am_score_weighted_by_rarity=+0.033; am_std=+0.028; am_max=+0.023,esm_std=-0.070; esm_fraction_disruptive=-0.054; esm_median=-0.043
Q8IV32_356_369,7,0.25666666666666665,esm_min=+0.050; esm_fraction_disruptive=+0.037; esm_median=+0.023,esm_std=-0.057; af_am_score_weighted_by_rarity=-0.047; am_std=-0.040
P85299_364_377,7,0.25333333333333335,esm_std=+0.045; wt_aromaticity=+0.020; esm_min=+0.019,af_am_score_weighted_by_rarity=-0.059; esm_fraction_disruptive=-0.044; am_std=-0.034
Q9BQ70_5_20,7,0.25333333333333335,esm_min=+0.045; am_std=+0.032; esm_std=+0.031,esm_fraction_disruptive=-0.063; codon_G_GGG=-0.049; gc3=-0.037
Q12792_327_346,7,0.24666666666666667,esm_std=+0.024; esm_min=+0.022; esm_fraction_disruptive=+0.018,codon_A_GCG=-0.047; wt_kappa=-0.039; af_rg_median_log10=-0.038
Q6NSJ2_393_411,7,0.24666666666666667,esm_std=+0.045; esm_min=+0.044; esm_fraction_disruptive=+0.036,density_LoF=-0.049; codon_G_GGG=-0.044; af_log2ratio_lof_syn_count=-0.038
P02814_19_33,7,0.23666666666666666,gc3=+0.030; esm_median=+0.018; cpg_frac=+0.011,esm_std=-0.058; wt_kappa=-0.044; esm_min=-0.042
Q27J81_987_999,7,0.23333333333333334,esm_fraction_disruptive=+0.048; esm_min=+0.041; esm_std=+0.038,gc3=-0.046; gc=-0.036; region_length=-0.035
Q8NCF5_14_34,7,0.23333333333333334,esm_std=+0.053; esm_fraction_disruptive=+0.034; esm_median=+0.012,am_max=-0.054; esm_min=-0.051; am_std=-0.043
Q9NYQ6_230_245,7,0.23,esm_std=+0.040; am_max=+0.022; af_log2ratio_lof_syn_count=+0.011,esm_fraction_disruptive=-0.053; esm_min=-0.050; gc3=-0.031
Q9UQC2_495_510,7,0.23,esm_min=+0.053; esm_fraction_disruptive=+0.031; esm_median=+0.018,delta_kappa=-0.041; wt_kappa=-0.040; am_max=-0.027
A0A1W2PPD8_424_446,7,0.23,gc3=+0.028; codon_G_GGT=+0.015; rg_fraction=+0.015,esm_fraction_disruptive=-0.046; esm_min=-0.042; esm_std=-0.030
Q7Z6B7_889_906,7,0.22333333333333333,esm_min=+0.035; esm_std=+0.011; delta_ncpr=+0.009,esm_median=-0.051; esm_fraction_disruptive=-0.040; delta_kappa=-0.033
Q3KQU3_321_338,7,0.22,esm_min=+0.045; esm_std=+0.035; af_rg_vs_nonrg_log10_delta_mis=+0.014,af_am_score_weighted_by_rarity=-0.050; am_max=-0.046; am_std=-0.044
Q8TEC5_274_293,7,0.21,density_LoF=+0.013; codon_L_CTC=+0.011; af_log2ratio_lof_syn_count=+0.008,esm_std=-0.049; esm_fraction_disruptive=-0.048; af_am_score_weighted_by_rarity=-0.040
Q9H322_42_56,7,0.21,esm_fraction_disruptive=+0.045; esm_std=+0.045; af_am_score_weighted_by_rarity=+0.013,codon_G_GGG=-0.047; esm_min=-0.045; codon_A_GCG=-0.033
Q9NXX6_3_21,7,0.21,esm_n_annotated=+0.011; af_rg_n_variants=+0.006; density_inframe_indel=+0.006,esm_min=-0.040; esm_fraction_disruptive=-0.037; esm_median=-0.034
Q99954_19_33,7,0.20666666666666667,gc3=+0.027; af_am_score_weighted_by_rarity=+0.016; am_max=+0.015,esm_std=-0.058; esm_fraction_disruptive=-0.043; wt_kappa=-0.037
Q8IYW2_2545_2562,7,0.20333333333333334,gc3=+0.033; delta_n_neg=+0.016; gc=+0.013,esm_min=-0.056; esm_std=-0.048; af_am_score_weighted_by_rarity=-0.047
Q96DX4_81_94,7,0.2,af_am_score_weighted_by_rarity=+0.044; am_std=+0.030; am_max=+0.024,esm_std=-0.076; esm_fraction_disruptive=-0.061; esm_min=-0.046
Q8IY34_17_30,7,0.19666666666666666,esm_min=+0.055; esm_fraction_disruptive=+0.049; codon_G_GGT=+0.021,am_max=-0.042; af_am_score_weighted_by_rarity=-0.035; codon_A_GCG=-0.031
Q9BXQ6_49_68,7,0.19666666666666666,esm_fraction_disruptive=+0.041; esm_std=+0.032; esm_median=+0.013,gc3=-0.039; gc=-0.036; density_LoF=-0.032
Q9HAS0_39_58,7,0.19,am_std=+0.030; delta_n_neg=+0.017; gc=+0.015,esm_std=-0.085; esm_min=-0.068; esm_fraction_disruptive=-0.051
Q969R2_4_23,7,0.18666666666666668,af_am_score_weighted_by_rarity=+0.030; am_max=+0.018; am_std=+0.010,esm_std=-0.060; esm_min=-0.049; esm_fraction_disruptive=-0.048
Q504Y2_44_59,7,0.18333333333333332,esm_min=+0.042; am_std=+0.015; esm_median=+0.013,esm_std=-0.050; gc=-0.033; gc3=-0.029
Q96SZ5_18_34,7,0.18,am_std=+0.032; am_max=+0.015; delta_n_neg=+0.012,esm_fraction_disruptive=-0.048; esm_std=-0.043; esm_min=-0.037
A0A1B0GVG6_29_57,7,0.18,wt_n_neg=+0.021; codon_G_GGT=+0.017; wt_kappa=+0.008,esm_min=-0.047; esm_fraction_disruptive=-0.043; esm_std=-0.039
Q7L0Q8_20_45,7,0.17666666666666667,region_length=+0.018; esm_median=+0.010; n_rg_motifs=+0.009,esm_std=-0.069; esm_fraction_disruptive=-0.048; esm_min=-0.048
Q96NA8_3_21,7,0.17666666666666667,wt_aromaticity=+0.011; wt_fcr=+0.010; af_median_log10_lof=+0.009,esm_std=-0.080; esm_min=-0.066; esm_fraction_disruptive=-0.056
Q14159_1_14,7,0.17333333333333334,codon_S_TCT=+0.009; af_median_log10_mis=+0.007; af_rg_vs_nonrg_log10_delta_mis=+0.006,esm_std=-0.043; esm_fraction_disruptive=-0.037; delta_ncpr=-0.033
Q4AC94_6_24,7,0.17333333333333334,gc=+0.026; gc3=+0.016; codon_S_TCT=+0.015,esm_std=-0.076; esm_min=-0.054; esm_fraction_disruptive=-0.054
Q5VV17_227_246,7,0.17333333333333334,wt_n_neg=+0.021; wt_kappa=+0.009; wt_aromaticity=+0.005,esm_min=-0.048; esm_std=-0.043; af_am_score_weighted_by_rarity=-0.041
Q6NY19_150_168,7,0.17333333333333334,esm_fraction_disruptive=+0.018; esm_std=+0.017; density_LoF=+0.007,gc3=-0.045; gc=-0.040; codon_A_GCG=-0.030
Q92574_1022_1040,7,0.17333333333333334,af_median_log10_syn=+0.010; codon_G_GGG=+0.006; density_LoF=+0.006,esm_fraction_disruptive=-0.058; esm_std=-0.052; esm_min=-0.050
P53814_630_648,7,0.17,esm_std=+0.047; esm_min=+0.045; esm_fraction_disruptive=+0.036,af_am_score_weighted_by_rarity=-0.054; density_LoF=-0.039; am_max=-0.039
P58004_34_47,7,0.17,am_std=+0.038; am_max=+0.027; esm_fraction_disruptive=+0.014,esm_min=-0.037; esm_std=-0.037; delta_ncpr=-0.030
Q8TBP5_63_83,7,0.17,esm_min=+0.035; af_median_log10_lof=+0.008; delta_ncpr=+0.007,af_am_score_weighted_by_rarity=-0.047; esm_fraction_disruptive=-0.046; esm_std=-0.045
Q99466_1907_1927,7,0.17,codon_S_TCT=+0.025; codon_A_GCA=+0.021; region_length=+0.013,esm_std=-0.059; esm_min=-0.054; esm_fraction_disruptive=-0.050
A0A286YF58_276_293,7,0.16666666666666666,esm_fraction_disruptive=+0.021; esm_median=+0.018; codon_S_TCT=+0.011,esm_min=-0.049; esm_std=-0.043; gc=-0.039
O15399_1311_1330,7,0.16666666666666666,af_am_score_weighted_by_rarity=+0.030; am_max=+0.022; am_std=+0.021,esm_std=-0.066; esm_fraction_disruptive=-0.058; esm_min=-0.056
Q14674_1413_1431,7,0.16666666666666666,af_median_log10_syn=+0.012; wt_fcr=+0.010; n_g_hits_disrupting=+0.008,esm_min=-0.050; af_am_score_weighted_by_rarity=-0.049; am_max=-0.037
Q9NWM0_270_287,7,0.16666666666666666,wt_n_neg=+0.016; delta_n_neg=+0.014; delta_ncpr=+0.014,esm_std=-0.072; esm_min=-0.057; esm_fraction_disruptive=-0.049
O15357_1073_1092,7,0.16333333333333333,codon_R_CGT=+0.012; n_g_hits_disrupting=+0.012; af_rg_n_variants=+0.007,esm_std=-0.071; af_am_score_weighted_by_rarity=-0.056; esm_min=-0.051
Q07617_396_412,7,0.16333333333333333,delta_n_neg=+0.027; af_rg_vs_nonrg_log10_delta_mis=+0.022; density_LoF=+0.012,esm_std=-0.047; af_am_score_weighted_by_rarity=-0.044; esm_fraction_disruptive=-0.035
Q9H7X2_54_69,7,0.16333333333333333,esm_min=+0.037; af_rg_n_variants=+0.006; n_variants_total=+0.005,esm_fraction_disruptive=-0.040; gc3=-0.034; codon_A_GCG=-0.026
A0A286YF58_245_272,7,0.16,region_length=+0.024; density_LoF=+0.012; af_frac_singleton_syn=+0.007,esm_min=-0.066; esm_std=-0.062; esm_fraction_disruptive=-0.047
Q5T7B8_624_639,7,0.16,codon_G_GGT=+0.023; gc3=+0.023; gc=+0.017,esm_std=-0.064; esm_min=-0.059; esm_fraction_disruptive=-0.045
Q00536_11_25,7,0.15666666666666668,gc=+0.039; am_std=+0.016; af_log2ratio_lof_syn_count=+0.006,esm_min=-0.073; esm_std=-0.069; esm_fraction_disruptive=-0.063
Q13724_19_39,7,0.15666666666666668,region_length=+0.010; density_LoF=+0.008; af_log2ratio_lof_syn_count=+0.007,esm_std=-0.052; esm_min=-0.048; af_am_score_weighted_by_rarity=-0.046
Q5U4P2_1_18,7,0.15666666666666668,delta_ncpr=+0.014; codon_R_AGA=+0.013; wt_aromaticity=+0.012,esm_std=-0.065; esm_min=-0.059; esm_fraction_disruptive=-0.052
Q8N9V6_15_30,7,0.15666666666666668,wt_aromaticity=+0.013; delta_ncpr=+0.011; delta_n_neg=+0.011,esm_std=-0.069; esm_min=-0.065; af_am_score_weighted_by_rarity=-0.050
Q92504_279_297,7,0.15666666666666668,gc=+0.051; gc3=+0.013; cpg_frac=+0.009,esm_std=-0.067; esm_min=-0.053; af_am_score_weighted_by_rarity=-0.049
O76061_251_268,7,0.15333333333333332,codon_G_GGT=+0.030; wt_kappa=+0.012; codon_R_CGA=+0.012,esm_std=-0.076; esm_min=-0.074; esm_fraction_disruptive=-0.054
O94826_65_77,7,0.15333333333333332,density_LoF=+0.011; delta_n_neg=+0.010; wt_kappa=+0.009,af_am_score_weighted_by_rarity=-0.045; esm_min=-0.041; gc3=-0.040
Q9UH36_30_54,7,0.15333333333333332,esm_std=+0.028; esm_fraction_disruptive=+0.027; esm_min=+0.024,af_am_score_weighted_by_rarity=-0.051; am_std=-0.037; density_LoF=-0.037
Q13875_161_179,7,0.15,af_am_score_weighted_by_rarity=+0.020; wt_kappa=+0.011; codon_L_CTC=+0.006,esm_std=-0.054; codon_G_GGG=-0.053; esm_fraction_disruptive=-0.051
Q96RT6_517_535,7,0.15,gc3=+0.027; af_median_log10_lof=+0.010; codon_R_AGA=+0.008,af_am_score_weighted_by_rarity=-0.053; esm_fraction_disruptive=-0.045; esm_std=-0.044
Q96S66_530_547,7,0.15,af_frac_singleton_syn=+0.010; gc3=+0.010; wt_aromaticity=+0.009,esm_std=-0.079; esm_min=-0.062; af_am_score_weighted_by_rarity=-0.049
Q9UM47_2072_2086,7,0.15,am_std=+0.035; am_max=+0.031; af_frac_singleton_syn=+0.007,esm_fraction_disruptive=-0.051; codon_G_GGG=-0.040; esm_std=-0.035
Q14160_1522_1536,7,0.14666666666666667,esm_std=+0.056; af_median_log10_syn=+0.010; wt_kappa=+0.009,esm_fraction_disruptive=-0.046; esm_min=-0.044; gc3=-0.026
Q5GH72_17_36,7,0.14666666666666667,density_LoF=+0.009; esm_median=+0.006; af_median_log10_mis=+0.005,esm_std=-0.055; esm_min=-0.053; esm_fraction_disruptive=-0.050
Q96LR7_28_45,7,0.14666666666666667,codon_G_GGT=+0.024; wt_fcr=+0.011; af_rg_vs_nonrg_log10_delta_mis=+0.008,esm_std=-0.065; esm_min=-0.049; af_am_score_weighted_by_rarity=-0.046
Q9ULI3_88_108,7,0.14666666666666667,af_rg_vs_nonrg_log10_delta_mis=+0.019; density_LoF=+0.013; af_log2ratio_lof_syn_count=+0.010,esm_std=-0.048; esm_fraction_disruptive=-0.044; esm_min=-0.039
Q14596_848_863,7,0.14333333333333334,gc=+0.021; gc3=+0.020; codon_G_GGA=+0.009,esm_std=-0.066; esm_min=-0.062; af_am_score_weighted_by_rarity=-0.053
Q6NUI6_376_390,7,0.14333333333333334,esm_min=+0.028; delta_ncpr=+0.009; codon_A_GCC=+0.008,af_am_score_weighted_by_rarity=-0.047; gc=-0.032; gc3=-0.030
Q8TER5_383_400,7,0.14333333333333334,gc3=+0.028; am_max=+0.027; codon_R_CGA=+0.010,esm_std=-0.086; esm_min=-0.063; esm_fraction_disruptive=-0.058
Q9UJJ9_291_305,7,0.14333333333333334,codon_S_TCT=+0.011; delta_ncpr=+0.010; codon_R_CGT=+0.008,esm_std=-0.062; esm_min=-0.052; af_am_score_weighted_by_rarity=-0.046
I3L1E1_99_113,7,0.14,wt_aromaticity=+0.014; density_LoF=+0.013; codon_E_GAG=+0.012,esm_fraction_disruptive=-0.058; esm_std=-0.058; esm_min=-0.054
O00453_68_84,7,0.14,codon_L_CTC=+0.010; wt_n_neg=+0.010; af_median_log10_lof=+0.009,esm_min=-0.054; esm_std=-0.048; esm_fraction_disruptive=-0.046
Q969E3_81_97,7,0.14,codon_S_TCT=+0.038; wt_aromaticity=+0.018; cpg_frac=+0.007,esm_std=-0.073; esm_min=-0.066; esm_fraction_disruptive=-0.048
Q9NNX9_42_56,7,0.14,af_am_score_weighted_by_rarity=+0.035; am_std=+0.024; gc3=+0.009,esm_std=-0.061; esm_min=-0.055; esm_fraction_disruptive=-0.047
Q9Y2G9_627_640,7,0.14,esm_median=+0.011; wt_fcr=+0.007; af_median_log10_delta_mis_syn=+0.005,esm_std=-0.047; esm_min=-0.038; delta_ncpr=-0.026
Q00975_901_914,7,0.13666666666666666,esm_fraction_disruptive=+0.015; esm_median=+0.013; density_LoF=+0.010,af_am_score_weighted_by_rarity=-0.049; esm_min=-0.048; esm_std=-0.047
Q6ZSJ8_6_25,7,0.13666666666666666,af_am_score_weighted_by_rarity=+0.031; am_max=+0.027; am_std=+0.018,esm_std=-0.076; esm_min=-0.068; esm_fraction_disruptive=-0.053
Q7Z7M0_1728_1743,7,0.13666666666666666,codon_S_TCT=+0.019; gc3=+0.017; codon_R_CGT=+0.006,esm_std=-0.066; esm_min=-0.065; af_am_score_weighted_by_rarity=-0.050
Q9NUG4_552_567,7,0.13666666666666666,wt_n_neg=+0.019; wt_fcr=+0.007; af_rg_vs_nonrg_log10_delta_mis=+0.007,esm_std=-0.052; af_am_score_weighted_by_rarity=-0.052; esm_fraction_disruptive=-0.042
P10398_241_261,7,0.13333333333333333,codon_G_GGT=+0.018; gc3=+0.016; density_LoF=+0.010,af_am_score_weighted_by_rarity=-0.061; esm_std=-0.051; esm_fraction_disruptive=-0.048
Q15027_523_543,7,0.13333333333333333,af_rg_vs_nonrg_log10_delta_mis=+0.011; esm_std=+0.010; rg_fraction=+0.009,af_am_score_weighted_by_rarity=-0.048; esm_fraction_disruptive=-0.044; codon_G_GGG=-0.036
Q8IWY9_113_140,7,0.13333333333333333,region_length=+0.022; delta_n_neg=+0.011; af_rg_n_variants=+0.008,esm_std=-0.053; esm_fraction_disruptive=-0.047; esm_min=-0.046
Q96PV4_342_355,7,0.13333333333333333,af_frac_rare_delta_mis_syn=+0.024; fraction_inframe_indel=+0.007; density_inframe_indel=+0.004,esm_std=-0.049; esm_min=-0.047; esm_fraction_disruptive=-0.043
Q9BZG8_15_30,7,0.13333333333333333,esm_median=+0.020; codon_G_GGG=+0.007; codon_G_GGT=+0.006,esm_std=-0.056; af_am_score_weighted_by_rarity=-0.049; esm_min=-0.045
F5H4A9_157_174,7,0.13,am_max=+0.024; density_LoF=+0.007; codon_G_GGG=+0.007,esm_min=-0.059; esm_fraction_disruptive=-0.053; gc3=-0.038
O43822_184_202,7,0.13,af_frac_singleton_syn=+0.012; codon_E_GAG=+0.010; wt_aromaticity=+0.009,esm_std=-0.067; esm_min=-0.054; esm_fraction_disruptive=-0.047
P15692_140_158,7,0.13,af_am_score_weighted_by_rarity=+0.025; af_n_indel=+0.005; fraction_inframe_indel=+0.004,esm_std=-0.073; esm_min=-0.068; esm_fraction_disruptive=-0.058
Q13507_33_47,7,0.13,esm_fraction_disruptive=+0.041; af_am_score_weighted_by_rarity=+0.035; esm_median=+0.021,esm_std=-0.064; esm_min=-0.049; am_std=-0.033
Q86SG6_291_305,7,0.13,codon_G_GGT=+0.026; wt_kappa=+0.012; af_rg_vs_nonrg_log10_delta_mis=+0.009,esm_min=-0.057; esm_fraction_disruptive=-0.053; esm_std=-0.044
Q99683_73_86,7,0.13,codon_R_CGA=+0.010; af_median_log10_lof=+0.009; af_median_log10_syn=+0.008,af_am_score_weighted_by_rarity=-0.051; esm_fraction_disruptive=-0.040; esm_min=-0.038
Q9BRK4_249_268,7,0.13,codon_S_TCT=+0.020; codon_R_CGA=+0.017; wt_fcr=+0.008,esm_min=-0.047; codon_G_GGG=-0.046; esm_fraction_disruptive=-0.043
Q6ZMN7_136_153,7,0.12666666666666668,esm_n_annotated=+0.005; n_variants_total=+0.005; af_rg_n_variants=+0.005,esm_min=-0.042; esm_std=-0.042; esm_fraction_disruptive=-0.035
Q86X52_55_72,7,0.12666666666666668,codon_L_CTC=+0.011; wt_aromaticity=+0.007; wt_kappa=+0.006,af_am_score_weighted_by_rarity=-0.045; esm_std=-0.043; esm_min=-0.038
Q8N119_150_166,7,0.12333333333333334,wt_aromaticity=+0.017; codon_G_GGG=+0.006; n_variants_total=+0.005,af_am_score_weighted_by_rarity=-0.049; esm_min=-0.041; esm_fraction_disruptive=-0.033
Q9BXQ6_28_47,7,0.12333333333333334,am_max=+0.022; af_am_score_weighted_by_rarity=+0.015; af_rg_vs_nonrg_log10_delta_mis=+0.013,esm_fraction_disruptive=-0.062; esm_std=-0.052; esm_min=-0.049
A4D2H0_552_568,7,0.12,delta_n_neg=+0.024; delta_ncpr=+0.017; af_frac_singleton_syn=+0.008,esm_min=-0.053; esm_std=-0.049; af_am_score_weighted_by_rarity=-0.045
Q14657_13_31,7,0.12,esm_median=+0.008; af_n_indel=+0.005; density_inframe_indel=+0.003,esm_min=-0.048; af_am_score_weighted_by_rarity=-0.044; esm_fraction_disruptive=-0.042
Q5JR59_371_388,7,0.12,gc=+0.014; density_LoF=+0.008; af_log2ratio_lof_syn_count=+0.008,esm_min=-0.067; esm_std=-0.064; af_am_score_weighted_by_rarity=-0.052
Q96DF8_122_135,7,0.12,wt_fcr=+0.008; codon_R_CGA=+0.008; af_log2ratio_lof_syn_count=+0.007,af_am_score_weighted_by_rarity=-0.045; esm_fraction_disruptive=-0.042; esm_min=-0.039
Q9C0B5_609_623,7,0.12,codon_E_GAG=+0.014; density_LoF=+0.010; af_log2ratio_lof_syn_count=+0.006,esm_std=-0.054; esm_fraction_disruptive=-0.046; esm_min=-0.044
Q6UXD7_489_508,7,0.11666666666666667,delta_n_neg=+0.017; delta_ncpr=+0.016; af_rg_vs_nonrg_log10_delta_mis=+0.008,codon_G_GGG=-0.037; esm_min=-0.036; esm_fraction_disruptive=-0.036
Q9P0K9_34_53,7,0.11666666666666667,n_variants_total=+0.007; af_n_syn=+0.006; delta_rg_ratio_rel_mean=+0.006,esm_std=-0.059; esm_min=-0.052; esm_fraction_disruptive=-0.040
Q9UBS0_470_482,7,0.11666666666666667,wt_kappa=+0.013; wt_fcr=+0.010; af_rg_vs_nonrg_log10_delta_mis=+0.006,esm_std=-0.057; esm_min=-0.044; esm_fraction_disruptive=-0.042
Q99501_455_468,7,0.11666666666666667,wt_aromaticity=+0.024; cpg_frac=+0.007; codon_P_CCA=+0.005,esm_min=-0.048; gc3=-0.041; esm_std=-0.039
P42684_15_29,7,0.11333333333333333,am_max=+0.020; af_am_score_weighted_by_rarity=+0.016; density_LoF=+0.014,esm_std=-0.081; esm_min=-0.070; esm_fraction_disruptive=-0.064
Q6ZW31_633_647,7,0.11333333333333333,am_max=+0.025; codon_R_CGA=+0.007; codon_G_GGG=+0.007,esm_fraction_disruptive=-0.057; esm_min=-0.055; esm_std=-0.054
Q8WYR1_401_417,7,0.11333333333333333,wt_aromaticity=+0.009; af_median_log10_lof=+0.008; af_median_log10_syn=+0.007,af_am_score_weighted_by_rarity=-0.049; esm_min=-0.048; esm_std=-0.043
Q96PE1_969_986,7,0.11333333333333333,codon_A_GCA=+0.023; af_median_log10_syn=+0.006; rg_event_fraction_no_change=+0.004,esm_std=-0.058; esm_min=-0.049; esm_fraction_disruptive=-0.041
Q9GZU7_11_26,7,0.11333333333333333,wt_fcr=+0.007; codon_G_GGG=+0.005; wt_kappa=+0.005,esm_std=-0.071; esm_fraction_disruptive=-0.056; esm_min=-0.048
A0A1B0GWI6_305_321,7,0.11333333333333333,wt_kappa=+0.008; codon_G_GGA=+0.006; cpg_frac=+0.005,esm_min=-0.049; esm_fraction_disruptive=-0.045; esm_std=-0.040
Q8NFW8_11_27,7,0.11,density_LoF=+0.009; fraction_synonymous=+0.009; af_log2ratio_lof_syn_count=+0.009,af_am_score_weighted_by_rarity=-0.047; esm_min=-0.041; esm_std=-0.041
Q9HCU4_2861_2882,7,0.11,region_length=+0.018; codon_A_GCT=+0.005; esm_n_annotated=+0.003,af_am_score_weighted_by_rarity=-0.046; esm_std=-0.043; esm_min=-0.042
Q9P107_900_917,7,0.11,n_g_hits_disrupting=+0.013; af_frac_singleton_syn=+0.009; fraction_inframe_indel=+0.005,esm_std=-0.058; esm_min=-0.050; af_am_score_weighted_by_rarity=-0.047
Q5SSQ6_161_178,7,0.11,codon_A_GCT=+0.010; cpg_frac=+0.005; codon_R_AGG=+0.004,esm_min=-0.050; esm_fraction_disruptive=-0.046; esm_std=-0.039
Q13470_446_462,7,0.10666666666666667,gc3=+0.008; af_median_log10_syn=+0.008; af_log2ratio_lof_syn_count=+0.007,esm_std=-0.076; esm_min=-0.062; af_am_score_weighted_by_rarity=-0.057
Q8IUH8_558_573,7,0.10666666666666667,af_median_log10_syn=+0.017; wt_fraction_proline=+0.005; af_rg_frac_singleton=+0.005,esm_std=-0.059; esm_min=-0.056; esm_fraction_disruptive=-0.043
Q92837_165_180,7,0.10666666666666667,af_am_score_weighted_by_rarity=+0.027; codon_L_CTC=+0.009; wt_kappa=+0.007,esm_min=-0.071; esm_std=-0.069; esm_fraction_disruptive=-0.055
Q9H7X2_13_29,7,0.10666666666666667,rg_fraction=+0.017; codon_R_CGA=+0.012; af_rg_vs_nonrg_log10_delta_mis=+0.007,esm_std=-0.055; esm_min=-0.049; esm_fraction_disruptive=-0.047
Q9NTU4_58_76,7,0.10666666666666667,af_rg_vs_nonrg_log10_delta_mis=+0.013; wt_aromaticity=+0.010; af_frac_singleton_syn=+0.004,esm_std=-0.065; esm_min=-0.050; esm_fraction_disruptive=-0.046
Q9Y210_6_22,7,0.10666666666666667,wt_aromaticity=+0.010; codon_S_TCT=+0.009; codon_S_AGT=+0.007,esm_std=-0.051; esm_min=-0.051; af_am_score_weighted_by_rarity=-0.041
Q12774_854_873,7,0.10666666666666667,cpg_frac=+0.019; codon_G_GGA=+0.008; codon_S_TCA=+0.004,esm_min=-0.048; esm_fraction_disruptive=-0.043; esm_std=-0.043
Q71H61_596_612,7,0.10333333333333333,am_max=+0.017; wt_aromaticity=+0.011; codon_G_GGG=+0.006,esm_fraction_disruptive=-0.044; esm_std=-0.041; esm_min=-0.038
Q8IVV7_1_15,7,0.10333333333333333,delta_ncpr=+0.014; wt_kappa=+0.014; codon_L_CTC=+0.010,esm_fraction_disruptive=-0.044; esm_min=-0.043; esm_std=-0.041
Q9H091_724_742,7,0.10333333333333333,codon_E_GAG=+0.008; n_variants_total=+0.006; wt_fcr=+0.004,esm_min=-0.051; esm_fraction_disruptive=-0.046; codon_G_GGG=-0.037
Q9NP85_8_22,7,0.10333333333333333,af_n_indel=+0.007; wt_kappa=+0.006; wt_hydropathy=+0.004,af_am_score_weighted_by_rarity=-0.043; esm_fraction_disruptive=-0.042; esm_min=-0.034
Q9Y446_72_86,7,0.10333333333333333,wt_aromaticity=+0.013; delta_n_pos=+0.007; af_median_log10_lof=+0.005,esm_std=-0.049; esm_fraction_disruptive=-0.036; density_LoF=-0.029
Q86XE3_107_119,7,0.1,af_log2ratio_lof_syn_count=+0.009; fraction_LoF=+0.006; n_variants_total=+0.005,esm_fraction_disruptive=-0.040; af_am_score_weighted_by_rarity=-0.040; esm_min=-0.039
A0A494C030_130_147,7,0.1,wt_aromaticity=+0.014; codon_L_CTC=+0.012; codon_G_GGT=+0.008,esm_min=-0.051; esm_fraction_disruptive=-0.047; gc=-0.040
A0A3B3IS91_106_123,7,0.1,wt_aromaticity=+0.013; codon_G_GGG=+0.007; codon_L_CTT=+0.007,esm_min=-0.052; esm_fraction_disruptive=-0.045; esm_std=-0.043
I3L1E1_114_130,7,0.09666666666666666,wt_aromaticity=+0.015; codon_R_CGA=+0.009; af_rg_n_variants=+0.006,esm_std=-0.066; esm_min=-0.061; esm_fraction_disruptive=-0.060
P35916_1319_1333,7,0.09666666666666666,wt_kappa=+0.008; density_inframe_indel=+0.007; af_frac_common_mis=+0.005,esm_std=-0.056; esm_min=-0.052; af_am_score_weighted_by_rarity=-0.043
Q5J8M3_21_39,7,0.09666666666666666,density_LoF=+0.008; codon_G_GGG=+0.006; codon_S_AGT=+0.005,esm_std=-0.080; esm_min=-0.074; esm_fraction_disruptive=-0.062
Q5TGI4_101_117,7,0.09666666666666666,codon_S_TCT=+0.031; delta_ncpr=+0.008; wt_kappa=+0.005,esm_std=-0.049; esm_min=-0.048; af_am_score_weighted_by_rarity=-0.044
Q96KE9_27_42,7,0.09666666666666666,density_LoF=+0.011; codon_G_GGG=+0.007; af_log2ratio_lof_syn_count=+0.006,esm_min=-0.048; esm_fraction_disruptive=-0.038; gc3=-0.034
Q9BQ70_91_105,7,0.09666666666666666,gc=+0.021; af_median_log10_lof=+0.011; af_frac_singleton_syn=+0.005,esm_std=-0.063; af_am_score_weighted_by_rarity=-0.055; esm_min=-0.051
Q8N205_274_290,7,0.09333333333333334,cpg_frac=+0.011; delta_ncpr=+0.009; delta_n_pos=+0.006,esm_std=-0.069; esm_fraction_disruptive=-0.050; esm_min=-0.044
Q8N539_223_238,7,0.09333333333333334,af_frac_rare_delta_mis_syn=+0.011; codon_G_GGG=+0.006; af_n_indel=+0.003,esm_std=-0.062; esm_min=-0.045; esm_fraction_disruptive=-0.044
Q96NZ9_73_88,7,0.09333333333333334,codon_R_CGA=+0.005; fraction_inframe_indel=+0.005; codon_L_CTT=+0.004,af_am_score_weighted_by_rarity=-0.050; esm_min=-0.045; esm_std=-0.043
Q9ULH4_677_695,7,0.09333333333333334,wt_kappa=+0.007; codon_S_TCG=+0.005; af_rg_frac_singleton=+0.005,esm_min=-0.055; esm_std=-0.052; esm_fraction_disruptive=-0.040
O60565_53_70,7,0.09,density_LoF=+0.011; codon_A_GCC=+0.007; af_log2ratio_lof_syn_count=+0.006,esm_min=-0.052; esm_std=-0.048; esm_fraction_disruptive=-0.045
O75462_408_422,7,0.09,af_rg_vs_nonrg_log10_delta_mis=+0.020; density_LoF=+0.010; af_log2ratio_lof_syn_count=+0.009,esm_std=-0.065; esm_min=-0.064; esm_fraction_disruptive=-0.048
Q96GP6_1_20,7,0.09,af_median_log10_delta_mis_syn=+0.009; n_variants_total=+0.006; esm_n_annotated=+0.003,esm_std=-0.054; esm_fraction_disruptive=-0.046; esm_min=-0.046
Q96RR4_543_563,7,0.09,delta_ncpr=+0.010; codon_E_GAG=+0.006; region_length=+0.005,esm_std=-0.065; esm_min=-0.053; esm_fraction_disruptive=-0.044
O00220_43_58,7,0.08666666666666667,codon_R_CGA=+0.013; codon_L_CTC=+0.012; delta_ncpr=+0.008,esm_std=-0.051; esm_min=-0.050; esm_fraction_disruptive=-0.043
P36021_81_95,7,0.08666666666666667,wt_aromaticity=+0.012; density_LoF=+0.010; af_log2ratio_lof_syn_count=+0.008,esm_std=-0.050; esm_fraction_disruptive=-0.043; esm_median=-0.039
Q86UF2_552_568,7,0.08666666666666667,codon_R_AGA=+0.006; fraction_synonymous=+0.005; codon_G_GGA=+0.005,esm_min=-0.062; esm_std=-0.057; esm_fraction_disruptive=-0.045
Q8N715_68_86,7,0.08666666666666667,n_variants_total=+0.007; esm_n_annotated=+0.004; codon_P_CCC=+0.004,esm_std=-0.070; esm_min=-0.057; esm_fraction_disruptive=-0.050
Q9NV92_48_68,7,0.08666666666666667,n_variants_total=+0.006; region_length=+0.005; codon_L_CTT=+0.004,esm_std=-0.063; esm_min=-0.053; esm_fraction_disruptive=-0.042
Q99501_406_427,7,0.08666666666666667,codon_A_GCC=+0.009; codon_G_GGG=+0.007; wt_kappa=+0.006,esm_min=-0.055; esm_fraction_disruptive=-0.045; esm_std=-0.042
A6H8Z2_380_396,7,0.08333333333333333,codon_G_GGA=+0.008; fraction_LoF=+0.004; density_LoF=+0.004,esm_std=-0.078; esm_min=-0.061; esm_fraction_disruptive=-0.060
Q8IVW8_23_38,7,0.08333333333333333,af_rg_vs_nonrg_log10_delta_mis=+0.010; codon_G_GGT=+0.009; rg_event_fraction_gain=+0.009,esm_fraction_disruptive=-0.050; esm_std=-0.049; esm_min=-0.043
Q9H7M6_22_34,7,0.08333333333333333,density_LoF=+0.012; af_median_log10_mis=+0.007; af_median_log10_delta_mis_syn=+0.007,esm_min=-0.051; esm_std=-0.044; af_am_score_weighted_by_rarity=-0.041
A0A1B0GVM6_29_45,7,0.08,delta_ncpr=+0.014; delta_n_neg=+0.010; wt_kappa=+0.008,esm_std=-0.050; esm_min=-0.047; esm_fraction_disruptive=-0.037
A6NIX2_27_41,7,0.08,codon_S_TCT=+0.025; esm_median=+0.008; fraction_synonymous=+0.003,esm_std=-0.049; esm_fraction_disruptive=-0.043; esm_min=-0.041
O76050_8_27,7,0.08,codon_R_CGA=+0.008; codon_G_GGG=+0.006; af_rg_median_log10=+0.005,esm_std=-0.063; esm_min=-0.048; esm_fraction_disruptive=-0.042
P53814_411_425,7,0.08,delta_n_neg=+0.008; delta_ncpr=+0.006; cpg_frac=+0.005,esm_std=-0.053; esm_min=-0.048; esm_fraction_disruptive=-0.042
Q2Y0W8_69_82,7,0.08,codon_A_GCC=+0.006; wt_hydropathy=+0.005; wt_fraction_proline=+0.004,esm_min=-0.044; esm_fraction_disruptive=-0.044; esm_std=-0.042
Q6UX72_35_48,7,0.08,af_rg_vs_nonrg_log10_delta_mis=+0.017; codon_R_CGA=+0.009; cpg_oe=+0.004,af_am_score_weighted_by_rarity=-0.042; esm_std=-0.040; esm_fraction_disruptive=-0.038
Q9UPR0_69_83,7,0.08,codon_L_CTC=+0.009; af_median_log10_mis=+0.006; codon_G_GGA=+0.005,esm_std=-0.060; esm_min=-0.050; esm_fraction_disruptive=-0.042
O14598_41_56,7,0.08,gc3=+0.015; codon_E_GAG=+0.009; codon_R_AGG=+0.003,esm_min=-0.049; esm_fraction_disruptive=-0.044; esm_std=-0.042
O75425_14_27,7,0.07666666666666666,delta_fraction_proline=+0.007; wt_fraction_proline=+0.005; codon_A_GCC=+0.005,esm_std=-0.055; esm_fraction_disruptive=-0.045; esm_min=-0.044
Q6ZMN7_151_163,7,0.07666666666666666,wt_aromaticity=+0.011; wt_kappa=+0.010; af_frac_singleton_syn=+0.007,esm_std=-0.051; esm_fraction_disruptive=-0.043; esm_min=-0.042
Q86YJ5_26_40,7,0.07666666666666666,wt_aromaticity=+0.008; codon_A_GCC=+0.006; codon_G_GGG=+0.004,esm_min=-0.046; esm_fraction_disruptive=-0.039; af_am_score_weighted_by_rarity=-0.037
Q8N878_1_14,7,0.07666666666666666,af_rg_vs_nonrg_log10_delta_mis=+0.024; af_frac_common_syn=+0.008; af_frac_rare_delta_mis_syn=+0.007,esm_min=-0.044; esm_std=-0.044; af_am_score_weighted_by_rarity=-0.038
Q96GP6_739_752,7,0.07666666666666666,codon_G_GGG=+0.007; af_log2ratio_lof_syn_count=+0.006; af_median_log10_delta_mis_syn=+0.003,esm_min=-0.042; esm_fraction_disruptive=-0.037; gc3=-0.032
Q96JK4_647_664,7,0.07666666666666666,esm_std=+0.032; af_frac_singleton_mis=+0.004; fraction_synonymous=+0.003,esm_min=-0.053; esm_fraction_disruptive=-0.046; gc3=-0.032
A0A590UJ96_39_58,7,0.07666666666666666,wt_aromaticity=+0.018; wt_kappa=+0.007; n_rg_motifs=+0.004,esm_min=-0.054; esm_fraction_disruptive=-0.044; esm_std=-0.040
Q9H6Y5_7_24,7,0.07666666666666666,codon_L_CTC=+0.014; n_rg_motifs=+0.005; codon_G_GGG=+0.003,esm_min=-0.049; esm_fraction_disruptive=-0.042; esm_std=-0.039
A0A6Q8PHR7_13_31,7,0.07666666666666666,cpg_oe=+0.010; codon_G_GGG=+0.010; codon_S_AGT=+0.006,esm_min=-0.051; esm_fraction_disruptive=-0.044; esm_std=-0.038
A6NIX2_63_77,7,0.07333333333333333,af_rg_vs_nonrg_log10_delta_mis=+0.019; esm_median=+0.008; cpg_oe=+0.004,esm_std=-0.052; esm_min=-0.044; esm_fraction_disruptive=-0.041
P22735_64_77,7,0.07333333333333333,codon_S_TCT=+0.008; codon_E_GAG=+0.007; codon_R_CGA=+0.005,af_am_score_weighted_by_rarity=-0.050; esm_fraction_disruptive=-0.045; esm_std=-0.039
Q8IZS6_1_12,7,0.07333333333333333,af_median_log10_lof=+0.017; codon_R_CGA=+0.006; af_rg_median_log10=+0.003,esm_std=-0.058; esm_min=-0.052; esm_fraction_disruptive=-0.050
Q96L08_4_21,7,0.07333333333333333,codon_L_CTC=+0.013; af_median_log10_delta_mis_syn=+0.003; codon_R_CGT=+0.002,esm_std=-0.061; esm_min=-0.050; esm_fraction_disruptive=-0.049
Q9NRR6_139_157,7,0.07333333333333333,af_log2ratio_lof_syn_count=+0.012; density_LoF=+0.009; fraction_LoF=+0.005,esm_std=-0.060; esm_fraction_disruptive=-0.051; esm_min=-0.047
P54756_1_13,7,0.07,density_LoF=+0.010; af_log2ratio_lof_syn_count=+0.009; rg_event_fraction_gain=+0.007,esm_min=-0.063; esm_std=-0.059; esm_fraction_disruptive=-0.051
Q9BWW9_357_373,7,0.07,wt_kappa=+0.009; codon_G_GGG=+0.006; wt_fraction_proline=+0.005,esm_std=-0.053; esm_min=-0.050; esm_fraction_disruptive=-0.042
Q9H320_42_56,7,0.07,gc3=+0.013; af_log2ratio_mis_syn_count=+0.005; codon_G_GGC=+0.002,codon_G_GGG=-0.045; esm_min=-0.043; esm_fraction_disruptive=-0.039
Q7L311_356_369,7,0.06666666666666667,rg_event_fraction_gain=+0.010; af_frac_singleton_syn=+0.007; codon_A_GCC=+0.005,esm_std=-0.043; esm_fraction_disruptive=-0.042; af_am_score_weighted_by_rarity=-0.041
Q8IWY9_86_100,7,0.06666666666666667,af_median_log10_delta_mis_syn=+0.008; codon_L_CTT=+0.003; codon_G_GGG=+0.002,esm_std=-0.064; esm_min=-0.054; esm_fraction_disruptive=-0.049
Q9H321_42_56,7,0.06666666666666667,gc3=+0.024; wt_fraction_proline=+0.002; codon_R_AGG=+0.002,esm_min=-0.050; codon_G_GGG=-0.050; esm_fraction_disruptive=-0.045
P0DKV0_75_91,7,0.06666666666666667,cpg_frac=+0.013; density_synonymous=+0.003; codon_P_CCA=+0.002,esm_min=-0.050; esm_fraction_disruptive=-0.046; esm_std=-0.045
Q69YL0_75_88,7,0.06333333333333334,af_frac_singleton_syn=+0.006; codon_S_TCG=+0.004; af_median_log10_mis=+0.003,esm_fraction_disruptive=-0.044; esm_min=-0.042; esm_std=-0.038
P23677_52_69,7,0.06,codon_A_GCC=+0.005; codon_R_CGT=+0.003; delta_rg_ratio_rel_mean=+0.003,esm_std=-0.052; esm_min=-0.051; esm_fraction_disruptive=-0.047
Q86TL0_24_38,7,0.06,codon_G_GGG=+0.005; fraction_missense=+0.005; codon_G_GGT=+0.004,esm_min=-0.046; esm_fraction_disruptive=-0.044; esm_std=-0.043
A0A6Q8PHR7_1_14,7,0.06,codon_G_GGG=+0.008; codon_S_AGT=+0.006; codon_A_GCG=+0.002,esm_min=-0.052; esm_fraction_disruptive=-0.044; esm_std=-0.044
Q49A92_32_45,7,0.056666666666666664,codon_R_CGA=+0.007; codon_G_GGG=+0.006; wt_fraction_proline=+0.003,esm_min=-0.045; esm_std=-0.043; esm_fraction_disruptive=-0.041
Q5M8T2_359_374,7,0.056666666666666664,codon_R_CGA=+0.005; codon_G_GGA=+0.005; codon_G_GGG=+0.004,esm_std=-0.060; esm_min=-0.053; esm_fraction_disruptive=-0.041
Q5VUG0_775_788,7,0.056666666666666664,af_frac_singleton_syn=+0.007; fraction_missense=+0.003; af_median_log10_delta_mis_syn=+0.003,af_am_score_weighted_by_rarity=-0.047; esm_std=-0.041; esm_min=-0.040
Q8NFW8_27_42,7,0.056666666666666664,codon_S_TCT=+0.026; af_rg_vs_nonrg_log10_delta_mis=+0.008; codon_R_CGA=+0.006,esm_std=-0.053; esm_min=-0.049; esm_fraction_disruptive=-0.046
P10301_6_22,7,0.05,delta_ncpr=+0.004; wt_fcr=+0.002; codon_S_TCC=+0.002,esm_fraction_disruptive=-0.048; esm_std=-0.046; esm_min=-0.045
P55789_30_43,7,0.05,af_log2ratio_lof_syn_count=+0.008; cpg_oe=+0.006; fraction_LoF=+0.004,esm_std=-0.052; esm_fraction_disruptive=-0.049; esm_min=-0.049
O15240_340_355,7,0.04666666666666667,delta_fcr=+0.004; af_rg_median_log10=+0.004; wt_fraction_proline=+0.004,esm_std=-0.058; esm_fraction_disruptive=-0.048; esm_min=-0.047
Q9UPU3_110_123,7,0.04666666666666667,codon_G_GGG=+0.006; fraction_LoF=+0.002; fraction_missense=+0.001,esm_std=-0.048; af_am_score_weighted_by_rarity=-0.043; esm_fraction_disruptive=-0.039
A0A590UJ96_2_21,7,0.04666666666666667,codon_G_GGA=+0.007; wt_n_pos=+0.005; wt_kappa=+0.003,esm_min=-0.051; esm_fraction_disruptive=-0.045; esm_std=-0.044
Q6HA08_284_297,7,0.043333333333333335,codon_S_AGT=+0.004; codon_R_CGT=+0.004; fraction_missense=+0.004,esm_std=-0.050; esm_min=-0.048; esm_fraction_disruptive=-0.045
Q8N159_16_29,7,0.04,codon_A_GCC=+0.005; codon_G_GGG=+0.004; delta_rg_ratio_rel_mean=+0.003,esm_std=-0.058; esm_min=-0.051; esm_fraction_disruptive=-0.045
Q6UXT8_25_39,7,0.03666666666666667,af_frac_singleton_mis=+0.005; af_rg_n_variants=+0.004; codon_D_GAC=+0.003,esm_std=-0.053; esm_min=-0.041; esm_fraction_disruptive=-0.039
A0A1W2PPE3_22_38,7,0.03666666666666667,codon_D_GAC=+0.005; wt_kappa=+0.004; codon_R_AGG=+0.001,esm_min=-0.049; esm_fraction_disruptive=-0.038; esm_std=-0.037
P86481_69_101,7,0.0033333333333333335,codon_A_GCG=+0.002; n_rg_motifs=+0.002; density_synonymous=+0.001,esm_min=-0.054; esm_fraction_disruptive=-0.051; esm_std=-0.046
P86478_69_101,7,0.0033333333333333335,codon_A_GCG=+0.002; n_rg_motifs=+0.002; density_synonymous=+0.001,esm_min=-0.054; esm_fraction_disruptive=-0.051; esm_std=-0.046
P86479_69_101,7,0.0033333333333333335,codon_A_GCG=+0.002; n_rg_motifs=+0.002; density_synonymous=+0.001,esm_min=-0.054; esm_fraction_disruptive=-0.051; esm_std=-0.046
P86480_69_101,7,0.0033333333333333335,codon_A_GCG=+0.002; n_rg_motifs=+0.002; density_synonymous=+0.001,esm_min=-0.054; esm_fraction_disruptive=-0.051; esm_std=-0.046
P86496_69_101,7,0.0033333333333333335,codon_A_GCG=+0.002; n_rg_motifs=+0.002; density_synonymous=+0.001,esm_min=-0.054; esm_fraction_disruptive=-0.051; esm_std=-0.046
